{
    "0": -166.23906641821338,
    "1": -146.2646141960465,
    "2": -139.57986383323066,
    "3": -136.50635358714644,
    "4": -128.49449832578958,
    "5": -120.02610385220817,
    "6": -125.43178444073632,
    "7": -120.15999849888489,
    "8": -118.27690320735046,
    "9": -124.44225867294162,
    "10": -106.97976028376121,
    "11": -109.49882132159952,
    "12": -110.87032801548324,
    "13": -104.01878125847982,
    "14": -109.02481464065248,
    "15": -93.80535140704482,
    "16": -97.40090768356401,
    "17": -93.54873360554078,
    "18": -89.74470661624206,
    "19": -86.19064766890367,
    "20": -89.54448606792637,
    "21": -78.70906219073156,
    "22": -85.90832485850095,
    "23": -86.29960017496803,
    "24": -85.10557000384172,
    "25": -89.28954124350406,
    "26": -78.02573590165318,
    "27": -78.62345227533667,
    "28": -66.65862921305614,
    "29": -77.75319614960239,
    "30": -76.16602290590829,
    "31": -69.33538820769309,
    "32": -73.09876819700193,
    "33": -71.20243729703017,
    "34": -75.6112958100073,
    "35": -79.03721881961255,
    "36": -75.77492443874013,
    "37": -66.74463291518927,
    "38": -71.65895830417342,
    "39": -64.56587577492043,
    "40": -61.11112192982106,
    "41": -56.734888587602605,
    "42": -62.332308992062636,
    "43": -64.14389945359986,
    "44": -64.70507034542574,
    "45": -62.936562182248835,
    "46": -61.54692326772258,
    "47": -58.48218533533014,
    "48": -62.142046019345365,
    "49": -62.65491736714708,
    "50": -47.33172032815915,
    "51": -53.21239575082517,
    "52": -58.40434485733089,
    "53": -69.92754500213877,
    "54": -72.06773343442879,
    "55": -63.51821162146347,
    "56": -55.06698017817263,
    "57": -55.49408645966335,
    "58": -61.123747573644664,
    "59": -58.64011398323854,
    "60": -53.27385934371908,
    "61": -59.35601287393063,
    "62": -61.11032109105829,
    "63": -51.04106969764565,
    "64": -64.12225104591275,
    "65": -58.71877598174064,
    "66": -53.00432183032946,
    "67": -53.96291454883174,
    "68": -60.60737331577954,
    "69": -55.715381630878,
    "70": -48.481830237485106,
    "71": -58.04818823232735,
    "72": -51.9276917908297,
    "73": -60.29078704722366,
    "74": -52.93978186828844,
    "75": -52.9121080830116,
    "76": -47.197135460190964,
    "77": -58.91636913121274,
    "78": -52.53431050835742,
    "79": -62.48602646545422,
    "80": -57.44090028113747,
    "81": -63.97187474761442,
    "82": -58.098954973371214,
    "83": -54.55728646020929,
    "84": -50.28443141687195,
    "85": -50.215906384084846,
    "86": -56.58907679231535,
    "87": -57.11282584667244,
    "88": -60.218368683867475,
    "89": -47.7110931261517,
    "90": -55.950489052870104,
    "91": -60.02472137098017,
    "92": -56.46110274570093,
    "93": -46.779338336343386,
    "94": -49.51787806375315,
    "95": -46.864033016441205,
    "96": -45.20199154748561,
    "97": -56.32584999551997,
    "98": -54.507989233617295,
    "99": -52.434190884045414,
    "100": -50.50505559713534,
    "101": -57.64115869460899,
    "102": -56.78546942811725,
    "103": -54.92273572461272,
    "104": -48.994020684169335,
    "105": -47.82748094751494,
    "106": -47.71176210355242,
    "107": -51.67151660489422,
    "108": -52.89044079764087,
    "109": -43.78369468495369,
    "110": -56.15169709569475,
    "111": -52.151841149552126,
    "112": -52.31527843746494,
    "113": -51.03561006430277,
    "114": -55.175832830987595,
    "115": -51.38958926201001,
    "116": -56.97255934311898,
    "117": -57.43517791514139,
    "118": -53.3610751562166,
    "119": -55.48114248477593,
    "120": -58.19577281319388,
    "121": -54.91410645582359,
    "122": -52.45799454649874,
    "123": -53.54035590872513,
    "124": -49.76106317709953,
    "125": -49.94579177765882,
    "126": -55.31534488158448,
    "127": -59.54873758850281,
    "128": -60.674460828534286,
    "129": -44.9415297837292,
    "130": -53.26586061434034,
    "131": -51.500019784759495,
    "132": -45.16718856806855,
    "133": -52.576893836854424,
    "134": -55.67083358692968,
    "135": -52.582614725116585,
    "136": -49.2815503970465,
    "137": -51.14897466495829,
    "138": -56.67075491428692,
    "139": -48.987211104806505,
    "140": -56.35393194585855,
    "141": -49.22386328387489,
    "142": -51.18973484391234,
    "143": -50.27376880295429,
    "144": -50.57860636931002,
    "145": -50.5769850739392,
    "146": -51.351235468085235,
    "147": -49.412042531944294,
    "148": -53.136070377695546,
    "149": -51.5867339757618
}