{
    "0": -123.13872826388682,
    "1": -115.62310198237216,
    "2": -120.04474388671457,
    "3": -129.0985193001606,
    "4": -109.54977559373818,
    "5": -119.8207315081989,
    "6": -114.26835174156317,
    "7": -103.44052873021135,
    "8": -99.85689223177805,
    "9": -88.923041370875,
    "10": -108.61924408883735,
    "11": -103.17062370058245,
    "12": -85.1124265161604,
    "13": -86.42787917166272,
    "14": -84.66074588773363,
    "15": -84.82726200145488,
    "16": -90.19911126784262,
    "17": -67.15919558797818,
    "18": -76.3004041321229,
    "19": -76.85049776964016,
    "20": -75.4650483255533,
    "21": -89.2496564592488,
    "22": -76.26597736224217,
    "23": -72.6249271792403,
    "24": -89.18308378716793,
    "25": -71.88857971892493,
    "26": -70.45210413417313,
    "27": -64.21463514576763,
    "28": -64.47841134763183,
    "29": -59.81766731863088,
    "30": -67.65110342769844,
    "31": -58.6506942460224,
    "32": -58.8100038253617,
    "33": -62.81629089130661,
    "34": -63.488942793258,
    "35": -55.52068251224936,
    "36": -63.18886552566833,
    "37": -63.235639746312174,
    "38": -62.37125350230051,
    "39": -62.133519989932445,
    "40": -51.87189695811395,
    "41": -51.64432911893154,
    "42": -58.62869524812956,
    "43": -51.2981402809402,
    "44": -51.16187685424466,
    "45": -46.06325544808503,
    "46": -56.42319230553543,
    "47": -52.245737846215064,
    "48": -53.47917284473437,
    "49": -47.54610625333193,
    "50": -46.76335246865972,
    "51": -43.991983225894025,
    "52": -43.59994001919406,
    "53": -40.6459201953135,
    "54": -46.96489632385383,
    "55": -54.06804396038346,
    "56": -45.805557634157026,
    "57": -46.43282060665086,
    "58": -51.62545700603498,
    "59": -53.63271234103641,
    "60": -49.72683703908567,
    "61": -41.27030342853761,
    "62": -36.59216470933067,
    "63": -47.56178148460773,
    "64": -45.62803232118202,
    "65": -49.597403291786605,
    "66": -46.87080332994804,
    "67": -55.14277686870197,
    "68": -56.56562710047638,
    "69": -42.9968374526764,
    "70": -55.25068017785348,
    "71": -52.19442702090255,
    "72": -45.32327284293811,
    "73": -44.156939724051234,
    "74": -39.83096694783608,
    "75": -35.98039412289247,
    "76": -48.597072636246196,
    "77": -52.46441343283988,
    "78": -38.59274243972735,
    "79": -41.264677025578536,
    "80": -49.06817758511548,
    "81": -46.75300644028092,
    "82": -48.75367835289954,
    "83": -44.42425922051607,
    "84": -43.877434591834835,
    "85": -37.90317354904561,
    "86": -41.74712762957341,
    "87": -38.21762975362001,
    "88": -46.204408309406325,
    "89": -39.50981067585753,
    "90": -44.95441527855516,
    "91": -48.50458381687793,
    "92": -39.94326042499294,
    "93": -38.45738740141507,
    "94": -46.79876767682001,
    "95": -38.75140380457174,
    "96": -46.35299736928825,
    "97": -42.70620990289826,
    "98": -39.62090296074734,
    "99": -47.22299456704694,
    "100": -42.91358530353488,
    "101": -42.35422170385693,
    "102": -32.53907992241764,
    "103": -51.70468693254878,
    "104": -39.144103341251345,
    "105": -46.49268934258164,
    "106": -39.93351443483101,
    "107": -40.18786048752722,
    "108": -41.15122897692751,
    "109": -46.62091314169305,
    "110": -49.019982616037275,
    "111": -41.843317542725295,
    "112": -48.74644626523768,
    "113": -41.95316656254091,
    "114": -40.264082970841585,
    "115": -39.34718138590459,
    "116": -45.98468114722395,
    "117": -40.822585514784,
    "118": -39.34226055626299,
    "119": -44.35784992761543,
    "120": -47.98475777060822,
    "121": -43.95382497493505,
    "122": -41.54469561352664,
    "123": -35.85294362596955,
    "124": -40.18217079822071,
    "125": -44.026427551473766,
    "126": -36.22879351326401,
    "127": -34.97822246720721,
    "128": -39.062231304851494,
    "129": -43.25952371876783,
    "130": -43.97923594651679,
    "131": -41.746276970916185,
    "132": -40.29084973965988,
    "133": -42.94945774508265,
    "134": -46.340159539955685,
    "135": -43.30610820847796,
    "136": -42.42637274154503,
    "137": -46.0214933197575,
    "138": -39.40915895019636,
    "139": -48.34148648235056,
    "140": -45.539067407882264,
    "141": -44.939659711261356,
    "142": -44.17739341705855,
    "143": -46.2745904839624,
    "144": -49.10297950737792,
    "145": -41.71103983721324,
    "146": -44.51290696970752,
    "147": -38.58038193800712,
    "148": -37.409155597822135,
    "149": -42.57505067460279
}