{
    "0": -207.7127241602961,
    "1": -192.64934633165151,
    "2": -174.48341195562443,
    "3": -189.43329975689593,
    "4": -179.90935484205318,
    "5": -179.01478339911765,
    "6": -160.3383583122795,
    "7": -168.76028009572076,
    "8": -155.75091877164783,
    "9": -150.32112808915517,
    "10": -168.72262327397087,
    "11": -163.70464088212572,
    "12": -166.28308347706556,
    "13": -153.44993226148193,
    "14": -133.02170211031392,
    "15": -138.45646450156028,
    "16": -138.22029145838158,
    "17": -142.7393766866163,
    "18": -141.33456740248658,
    "19": -141.72260148013936,
    "20": -152.16259900596268,
    "21": -126.89555365955233,
    "22": -118.56085837664786,
    "23": -122.6612415130034,
    "24": -114.49697618755356,
    "25": -111.33969428371928,
    "26": -114.6104735061791,
    "27": -116.86595232111591,
    "28": -110.8218501712576,
    "29": -109.80666558767466,
    "30": -110.04571980841811,
    "31": -113.40196320091235,
    "32": -109.97219535542654,
    "33": -109.73059290008237,
    "34": -110.36279259752138,
    "35": -112.5103783634521,
    "36": -105.52015846864299,
    "37": -107.79116743391343,
    "38": -99.79889300843402,
    "39": -112.47862688302808,
    "40": -100.1110726082189,
    "41": -106.7689686323017,
    "42": -99.75127598170847,
    "43": -94.89167461885489,
    "44": -87.527736096729,
    "45": -97.87629720491371,
    "46": -102.14760912770701,
    "47": -95.75265145714663,
    "48": -104.05841039205926,
    "49": -93.22317213200029,
    "50": -97.92863217345858,
    "51": -96.46317310946822,
    "52": -91.71187656891559,
    "53": -94.64258745007287,
    "54": -94.40819472069194,
    "55": -106.74320220870341,
    "56": -81.51676095062946,
    "57": -92.35405231392814,
    "58": -94.17887511969334,
    "59": -90.86961345918307,
    "60": -96.24588198612817,
    "61": -92.89412948180906,
    "62": -91.58376981290608,
    "63": -93.54162434778026,
    "64": -90.89348520207751,
    "65": -81.85872197784867,
    "66": -88.7664726302831,
    "67": -93.07647342395747,
    "68": -85.97745723491545,
    "69": -90.97080296499377,
    "70": -87.24211503307649,
    "71": -101.46620071617282,
    "72": -94.64351821881255,
    "73": -87.84957088216204,
    "74": -85.9946428040333,
    "75": -93.94748061277427,
    "76": -87.36360060174276,
    "77": -88.81817884112075,
    "78": -88.1293394512416,
    "79": -82.05001905248898,
    "80": -83.65581646838187,
    "81": -79.26483948354857,
    "82": -89.63680080812038,
    "83": -83.0898028886643,
    "84": -87.51731979854227,
    "85": -82.18438383938006,
    "86": -82.8232928528538,
    "87": -77.97549166544376,
    "88": -85.75635947843318,
    "89": -83.5032209479418,
    "90": -78.40391655318456,
    "91": -78.14458606732322,
    "92": -85.20685129440166,
    "93": -82.02943298185825,
    "94": -81.07091662754159,
    "95": -83.1909735028052,
    "96": -79.54358165536641,
    "97": -78.3853197575184,
    "98": -85.76288132423882,
    "99": -87.20753046658173,
    "100": -83.0788247772333,
    "101": -76.86826763448764,
    "102": -84.03068214866741,
    "103": -81.3393758759064,
    "104": -78.61846025598811,
    "105": -81.05942021071161,
    "106": -86.32705929803906,
    "107": -75.38038293029027,
    "108": -80.70816437462288,
    "109": -85.99302864553191,
    "110": -79.77527745192094,
    "111": -80.13618121125288,
    "112": -76.9856086348398,
    "113": -81.06110797255809,
    "114": -77.07103056612266,
    "115": -83.61346779705823,
    "116": -81.48614716707517,
    "117": -78.13850841809216,
    "118": -79.52577708627457,
    "119": -81.01435873034515,
    "120": -85.20111302250163,
    "121": -69.97552859553497,
    "122": -82.78801069257473,
    "123": -81.74624121458037,
    "124": -73.2033485791631,
    "125": -80.60585871919226,
    "126": -87.30212631784141,
    "127": -82.40941169082404,
    "128": -80.45836685327109,
    "129": -76.35277222422091,
    "130": -88.48299034860061,
    "131": -79.62089632020596,
    "132": -75.16317849209976,
    "133": -78.11555579016319,
    "134": -78.49617877813942,
    "135": -78.24486746089084,
    "136": -73.95899775750664,
    "137": -74.50088751717323,
    "138": -82.7321616340048,
    "139": -69.55571224273775,
    "140": -74.96014227915924,
    "141": -80.53130220666141,
    "142": -78.01727834422778,
    "143": -81.97113842144825,
    "144": -84.3949665484886,
    "145": -81.1586313486555,
    "146": -79.77105848974608,
    "147": -75.71453912976438,
    "148": -80.81241054528242,
    "149": -77.47033575243687
}