{
    "0": -223.76637982473042,
    "1": -208.39510949474828,
    "2": -185.49192322187784,
    "3": -178.68136471041288,
    "4": -171.21478622022886,
    "5": -167.57684419963107,
    "6": -168.48022791296663,
    "7": -156.4013243433531,
    "8": -150.02383409356696,
    "9": -152.83476431245424,
    "10": -157.492834395063,
    "11": -149.09062259045362,
    "12": -131.13264255317748,
    "13": -137.31447612744424,
    "14": -130.67123446128056,
    "15": -121.94484069954599,
    "16": -127.55908910528227,
    "17": -132.92626406649632,
    "18": -122.5755729697093,
    "19": -121.41379608999729,
    "20": -133.81542980895162,
    "21": -114.84297859070584,
    "22": -109.02397792650795,
    "23": -117.7926377059909,
    "24": -123.96010832030412,
    "25": -105.52990794702188,
    "26": -111.96083377363612,
    "27": -104.05534805127863,
    "28": -110.3022793977798,
    "29": -112.5146592589144,
    "30": -108.05467707325165,
    "31": -106.14615753916343,
    "32": -101.27707090293785,
    "33": -96.85748655680362,
    "34": -108.33898885908566,
    "35": -110.4489711757728,
    "36": -92.23835282759681,
    "37": -96.53226631363191,
    "38": -103.18788259199242,
    "39": -93.80682313315873,
    "40": -94.30928251739789,
    "41": -93.09050116064898,
    "42": -92.53594896057437,
    "43": -92.3901754824804,
    "44": -93.4044305763027,
    "45": -89.22389718367414,
    "46": -81.62711658726434,
    "47": -87.1860959784936,
    "48": -92.39331597519617,
    "49": -85.89589262818546,
    "50": -84.94645635890555,
    "51": -93.27782476970586,
    "52": -92.44229528477257,
    "53": -94.49522328601415,
    "54": -98.2850362437585,
    "55": -83.2036973938883,
    "56": -87.38347958153173,
    "57": -83.4845543257521,
    "58": -89.37753563059461,
    "59": -88.84057598730305,
    "60": -80.58668848414126,
    "61": -80.59540665424612,
    "62": -79.95271405648941,
    "63": -84.62038263472022,
    "64": -89.47640334529572,
    "65": -85.4366423958034,
    "66": -89.9860299177797,
    "67": -86.15504414511649,
    "68": -85.6379857775996,
    "69": -79.58022308616903,
    "70": -84.92867081353477,
    "71": -92.74679804304175,
    "72": -80.8686000178244,
    "73": -86.53453479592442,
    "74": -80.81125338900335,
    "75": -69.46050083181535,
    "76": -81.60123334303175,
    "77": -72.4313763206248,
    "78": -74.21559260446791,
    "79": -77.4667608934847,
    "80": -85.04754408220239,
    "81": -79.72937953294594,
    "82": -80.01896447331914,
    "83": -79.53872880692809,
    "84": -79.12234976394495,
    "85": -81.69776157302312,
    "86": -79.50139213789213,
    "87": -81.92126568519798,
    "88": -83.78098774184036,
    "89": -76.0702542993706,
    "90": -83.0519784876214,
    "91": -80.40241960927327,
    "92": -76.8287886831111,
    "93": -82.6920671196084,
    "94": -75.89552377943262,
    "95": -74.35701329322677,
    "96": -76.72889163722486,
    "97": -76.80450843405775,
    "98": -65.1699682594337,
    "99": -72.6570151032665,
    "100": -77.20344081637515,
    "101": -77.70991395647025,
    "102": -82.82945960487756,
    "103": -81.84712272840538,
    "104": -80.83065814453302,
    "105": -75.31429147940067,
    "106": -76.02156279221705,
    "107": -74.29410257441762,
    "108": -75.14910235069266,
    "109": -76.3676958710666,
    "110": -80.42766916520429,
    "111": -80.03915169357866,
    "112": -76.87353240801825,
    "113": -72.66487684502987,
    "114": -74.86495537697242,
    "115": -71.22747358442567,
    "116": -76.38061000235268,
    "117": -70.9843167666773,
    "118": -70.1407133831251,
    "119": -76.47950165786384,
    "120": -75.47210024493693,
    "121": -74.51121207561538,
    "122": -72.43243327429569,
    "123": -82.8432572161281,
    "124": -74.28268606898065,
    "125": -71.39436248819608,
    "126": -76.72662540946511,
    "127": -74.40511136395256,
    "128": -72.27404092554296,
    "129": -75.27278141985701,
    "130": -73.25158063828515,
    "131": -77.48009432308238,
    "132": -75.82405166626096,
    "133": -72.6271677487281,
    "134": -70.46498129058456,
    "135": -74.76335078696235,
    "136": -81.01471299066621,
    "137": -66.17827944248839,
    "138": -79.96729624201744,
    "139": -75.27459817664338,
    "140": -80.03924229065852,
    "141": -74.66061148217429,
    "142": -72.464773684427,
    "143": -69.07295040085036,
    "144": -71.3953422081722,
    "145": -71.86420786696019,
    "146": -72.66303564658152,
    "147": -70.29719137504631,
    "148": -80.45259251778496,
    "149": -77.02583854650594
}