{
    "0": -166.21175407318339,
    "1": -194.81747012846694,
    "2": -165.06365121586148,
    "3": -157.47366257855325,
    "4": -151.1944662260658,
    "5": -157.80897097863848,
    "6": -153.77169710794035,
    "7": -131.1754828655778,
    "8": -152.95489076009065,
    "9": -131.94797867754608,
    "10": -150.20132556559827,
    "11": -140.94888661089684,
    "12": -136.1513101981499,
    "13": -146.80009126819618,
    "14": -132.0666655468045,
    "15": -132.9657001815906,
    "16": -124.08719958101172,
    "17": -126.78948122468158,
    "18": -129.39519995121753,
    "19": -113.21299271076604,
    "20": -117.20940950624941,
    "21": -122.90876960656475,
    "22": -109.50481623364551,
    "23": -115.40404499686834,
    "24": -112.04712217748069,
    "25": -117.2477523978841,
    "26": -121.4293311344155,
    "27": -106.8401781617294,
    "28": -114.5663985359559,
    "29": -100.75789876322972,
    "30": -107.5074377827973,
    "31": -107.39724621780496,
    "32": -114.9179255538247,
    "33": -108.63446293996266,
    "34": -100.70835131722966,
    "35": -108.90198140756237,
    "36": -95.55584032044828,
    "37": -98.15054113451885,
    "38": -97.59773356572155,
    "39": -103.85202715311259,
    "40": -94.27717441178063,
    "41": -94.76369838036469,
    "42": -102.72151753033557,
    "43": -102.74836784149608,
    "44": -92.63783371899088,
    "45": -89.03876687438319,
    "46": -87.05301581481665,
    "47": -107.48329576947624,
    "48": -87.80814913821823,
    "49": -90.36418551765998,
    "50": -83.77073429943958,
    "51": -89.72847333582689,
    "52": -99.00496486550828,
    "53": -90.77082323164574,
    "54": -87.30508309645214,
    "55": -89.92744736282708,
    "56": -91.46131223587275,
    "57": -88.12991627954074,
    "58": -91.97871366953657,
    "59": -90.04582106468372,
    "60": -82.55373560920356,
    "61": -88.05876245380576,
    "62": -86.40995229648136,
    "63": -86.30190425757492,
    "64": -87.76111237794176,
    "65": -88.49256853719915,
    "66": -83.40904591007522,
    "67": -82.38969573878398,
    "68": -86.86178773175226,
    "69": -80.76669358552493,
    "70": -77.69877384932771,
    "71": -85.70981837691365,
    "72": -94.68754172681524,
    "73": -83.48283376384681,
    "74": -83.81485747781807,
    "75": -81.27655928319334,
    "76": -81.55055154722015,
    "77": -79.33608739923842,
    "78": -75.90506705027622,
    "79": -88.93515665349037,
    "80": -81.00358875630617,
    "81": -85.20184978437112,
    "82": -85.47699005468772,
    "83": -71.42407329713261,
    "84": -79.48184307212085,
    "85": -76.03604790188864,
    "86": -79.42682310095908,
    "87": -79.16119312196034,
    "88": -68.98749798906694,
    "89": -74.39777294846272,
    "90": -85.06247101628847,
    "91": -82.5309837241565,
    "92": -78.37406836930928,
    "93": -79.96284158095392,
    "94": -69.63629717466,
    "95": -80.6957704651036,
    "96": -70.14969292529275,
    "97": -68.8457818234111,
    "98": -81.49163070104974,
    "99": -72.34641112910325,
    "100": -77.60596260811407,
    "101": -66.2436974957608,
    "102": -72.99940478216945,
    "103": -67.39456436550384,
    "104": -78.35679975345553,
    "105": -78.69471002356725,
    "106": -75.95381426046949,
    "107": -71.69341963831685,
    "108": -67.27395423738983,
    "109": -69.4299303908484,
    "110": -69.71479305946912,
    "111": -78.67319239994268,
    "112": -69.63670336294815,
    "113": -76.70885551884007,
    "114": -66.05685409912356,
    "115": -74.68619673867775,
    "116": -67.27949001351838,
    "117": -79.53066537202965,
    "118": -73.91063863871877,
    "119": -67.21056807511346,
    "120": -70.95882403754581,
    "121": -65.6890376970376,
    "122": -75.94322654652095,
    "123": -70.45434207643042,
    "124": -66.7542885909874,
    "125": -60.53071848184498,
    "126": -68.23075825386789,
    "127": -68.56828282589557,
    "128": -67.3696241716097,
    "129": -70.10212501342215,
    "130": -69.17179413298499,
    "131": -83.4658370670143,
    "132": -65.35151333439823,
    "133": -69.13851852288337,
    "134": -67.97700276437052,
    "135": -63.75911325539247,
    "136": -69.72803738644669,
    "137": -66.36591587585202,
    "138": -73.10145975112164,
    "139": -64.56650927976773,
    "140": -58.002403474648766,
    "141": -64.89009472471325,
    "142": -65.90691325782348,
    "143": -65.53012462481202,
    "144": -68.69298166241714,
    "145": -61.327677483565054,
    "146": -65.93665459885757,
    "147": -62.85332708264439,
    "148": -65.4882763639779,
    "149": -64.75914327140673
}