{
    "0": -201.82806883953901,
    "1": -188.10169039097542,
    "2": -164.0606129271532,
    "3": -159.41350810325272,
    "4": -150.72334650666727,
    "5": -161.47072639919696,
    "6": -145.84674241256803,
    "7": -132.04193915052164,
    "8": -145.5013807273777,
    "9": -128.20996763665926,
    "10": -124.62538236352863,
    "11": -137.68433673956415,
    "12": -132.4365497201184,
    "13": -118.28968648122688,
    "14": -116.89230372241369,
    "15": -116.43952164975727,
    "16": -119.75462482587022,
    "17": -108.71571833294534,
    "18": -112.00495530605566,
    "19": -91.99774331228637,
    "20": -99.0733502139683,
    "21": -99.28083395374827,
    "22": -94.1242280289544,
    "23": -104.35700603917891,
    "24": -101.66527654210881,
    "25": -94.72914407534913,
    "26": -100.94738672107333,
    "27": -84.92326240420068,
    "28": -94.47689582862088,
    "29": -103.65789591054897,
    "30": -93.28244581660938,
    "31": -78.19412696769632,
    "32": -91.43236976357089,
    "33": -86.52988093075817,
    "34": -83.44410771249561,
    "35": -81.86900528720436,
    "36": -76.0672443832771,
    "37": -84.01554514282643,
    "38": -83.4810817666004,
    "39": -79.5440576688213,
    "40": -88.04508609807921,
    "41": -68.4037800732622,
    "42": -72.34817378147322,
    "43": -75.63093202956851,
    "44": -70.33675779177686,
    "45": -77.44031215219576,
    "46": -83.31462363774264,
    "47": -82.54813856465975,
    "48": -59.18196059658562,
    "49": -69.79395689714042,
    "50": -71.7579870976586,
    "51": -67.28251307507585,
    "52": -74.3099264048742,
    "53": -79.22169990396577,
    "54": -69.69526927083723,
    "55": -73.73104736016491,
    "56": -69.787419675144,
    "57": -69.70003266609876,
    "58": -72.86976369389465,
    "59": -75.37983293519454,
    "60": -70.25129185638338,
    "61": -66.23595156769906,
    "62": -67.46530046898927,
    "63": -62.67336210178079,
    "64": -70.30674266005023,
    "65": -71.09574402087874,
    "66": -63.44468734395719,
    "67": -63.624562516684456,
    "68": -66.26187791617714,
    "69": -70.3443635150346,
    "70": -73.51236855895692,
    "71": -68.00650392161825,
    "72": -68.20482466302082,
    "73": -65.4062673297252,
    "74": -66.28736384903226,
    "75": -61.29944390739789,
    "76": -61.17271619599565,
    "77": -67.60885586891416,
    "78": -73.79871594667902,
    "79": -62.07190276170166,
    "80": -67.72811587265161,
    "81": -59.89892849234733,
    "82": -73.19519384963893,
    "83": -60.8953246161264,
    "84": -67.53308258762353,
    "85": -67.28733072573179,
    "86": -66.9658479411825,
    "87": -64.09708713649874,
    "88": -57.557866589167595,
    "89": -63.72819415092268,
    "90": -60.91914367224544,
    "91": -54.51786838137341,
    "92": -60.51425080932257,
    "93": -66.08551221756352,
    "94": -65.69583366232327,
    "95": -60.866455599668676,
    "96": -60.93565152747842,
    "97": -52.02706115708969,
    "98": -70.72089252475774,
    "99": -69.6483554883853,
    "100": -61.67493712811636,
    "101": -62.7287851296901,
    "102": -62.44347784054122,
    "103": -69.00013755860043,
    "104": -61.31420938560184,
    "105": -70.16970220471384,
    "106": -68.34043986348755,
    "107": -63.934902544899614,
    "108": -61.169122971450584,
    "109": -67.63283631957628,
    "110": -62.87760731783219,
    "111": -58.80015173282531,
    "112": -69.67669939950608,
    "113": -64.11964206077553,
    "114": -67.51701630234106,
    "115": -61.34052855023748,
    "116": -64.72268007940663,
    "117": -55.88475257747233,
    "118": -64.8849187754901,
    "119": -68.96108400095855,
    "120": -61.61054381075887,
    "121": -59.28131647435553,
    "122": -59.59283925143454,
    "123": -66.3135403126987,
    "124": -66.2988359137083,
    "125": -60.53004801077822,
    "126": -66.84821279174815,
    "127": -61.76473438574384,
    "128": -62.93129872424419,
    "129": -63.30510581278051,
    "130": -59.548906118799636,
    "131": -61.66324881047509,
    "132": -55.60341983321537,
    "133": -62.2049260613434,
    "134": -67.52009275086155,
    "135": -58.910436130877855,
    "136": -59.769214874910666,
    "137": -64.47132997352138,
    "138": -65.44834317646092,
    "139": -67.72096911871192,
    "140": -56.317300733046324,
    "141": -58.603243455893484,
    "142": -64.56720462122243,
    "143": -61.43619023192935,
    "144": -55.26052172435772,
    "145": -53.16124271982392,
    "146": -64.1989792293895,
    "147": -61.63860925102475,
    "148": -65.10494913848386,
    "149": -58.858101621793395
}