{
    "0": -136.9800435380927,
    "1": -116.34501269265847,
    "2": -112.61870981256648,
    "3": -134.1644799863885,
    "4": -117.47815095441375,
    "5": -114.0341517762334,
    "6": -114.81008403205718,
    "7": -99.20991320579682,
    "8": -101.00923021195796,
    "9": -98.96605547942198,
    "10": -92.61437072702344,
    "11": -90.25528783493883,
    "12": -79.33158473635761,
    "13": -80.51439563194889,
    "14": -85.81508135686539,
    "15": -77.89322970586065,
    "16": -84.1588772873844,
    "17": -75.71703519803587,
    "18": -78.76189071805544,
    "19": -70.86771297781037,
    "20": -61.15163132406638,
    "21": -74.25733756742706,
    "22": -66.98419611571566,
    "23": -65.96382461467792,
    "24": -66.32107766979081,
    "25": -56.90532273765446,
    "26": -65.28966784156228,
    "27": -60.96599936011206,
    "28": -57.12114052095562,
    "29": -55.918950407650236,
    "30": -64.3241307372226,
    "31": -62.12180975228832,
    "32": -56.315181396015035,
    "33": -55.31810298511932,
    "34": -61.46100806456211,
    "35": -58.83266532609767,
    "36": -60.1939100088159,
    "37": -48.334872346893235,
    "38": -55.8784343758181,
    "39": -51.843315430161965,
    "40": -57.36044032531869,
    "41": -52.04439564601001,
    "42": -58.853800028941876,
    "43": -54.28910183316237,
    "44": -39.71650799083469,
    "45": -37.48119583395466,
    "46": -53.91515411930282,
    "47": -46.28724648828894,
    "48": -54.91877024988941,
    "49": -56.510996200593034,
    "50": -50.71641555418109,
    "51": -53.43700457847031,
    "52": -49.94945963305819,
    "53": -43.74308234882256,
    "54": -47.563569428137974,
    "55": -52.240946682460006,
    "56": -46.54626467611864,
    "57": -45.661597435028426,
    "58": -41.68710216471047,
    "59": -45.55063024353604,
    "60": -48.71290701681537,
    "61": -38.307291216532136,
    "62": -38.743854500649334,
    "63": -48.70796058749016,
    "64": -43.546444794543085,
    "65": -45.22570219921014,
    "66": -34.63055845785793,
    "67": -49.229887608470236,
    "68": -37.01765430212676,
    "69": -42.902933354086215,
    "70": -42.98699920188579,
    "71": -38.43306855600988,
    "72": -42.61760500435926,
    "73": -43.08959936244973,
    "74": -47.7066191916485,
    "75": -44.06197838267699,
    "76": -44.1365419089223,
    "77": -41.81881263012335,
    "78": -37.266619645618135,
    "79": -44.955573714024446,
    "80": -36.84615558878776,
    "81": -39.82558672262465,
    "82": -42.73713261947755,
    "83": -46.80119963007249,
    "84": -38.915351520568635,
    "85": -42.229784304400546,
    "86": -48.46324490637421,
    "87": -43.99157259884495,
    "88": -41.230467296706884,
    "89": -30.695281422861417,
    "90": -45.687665595161256,
    "91": -32.860992994905914,
    "92": -47.551295923525615,
    "93": -38.88773186566943,
    "94": -32.08304819308487,
    "95": -39.140908723137656,
    "96": -38.35619225717841,
    "97": -33.899912743064775,
    "98": -37.37998549322344,
    "99": -38.41461651199235,
    "100": -39.97510590585007,
    "101": -41.25596957502152,
    "102": -39.058558237981266,
    "103": -34.62333654897707,
    "104": -31.504936356914364,
    "105": -33.64807522215505,
    "106": -34.023179646533826,
    "107": -38.25444020153855,
    "108": -42.97501530536665,
    "109": -52.21274686690737,
    "110": -41.14508936480099,
    "111": -38.65303463676457,
    "112": -35.58174795735329,
    "113": -43.98585353418399,
    "114": -39.97980212517699,
    "115": -39.772594416881425,
    "116": -41.97018210530158,
    "117": -36.62334691868487,
    "118": -36.41511624607182,
    "119": -44.93904144745513,
    "120": -41.70569791504415,
    "121": -44.446211263705244,
    "122": -39.26148221300709,
    "123": -39.90300261387297,
    "124": -40.45669232373724,
    "125": -46.97871916402805,
    "126": -43.25971785362954,
    "127": -37.42091541732969,
    "128": -36.65428358672719,
    "129": -36.45181329345763,
    "130": -39.77619827090706,
    "131": -30.808657640786087,
    "132": -36.290218803116716,
    "133": -49.78477357844775,
    "134": -43.015182291301244,
    "135": -32.01604837449985,
    "136": -49.16698728989351,
    "137": -49.57744880770835,
    "138": -41.695277643054425,
    "139": -41.8136028823452,
    "140": -32.690245377256545,
    "141": -46.24872308470856,
    "142": -41.42091212161107,
    "143": -35.30116178375536,
    "144": -42.176881329578805,
    "145": -40.09772479932277,
    "146": -38.90812801360863,
    "147": -44.69450757403814,
    "148": -39.38485056852318,
    "149": -31.04638046561081
}