{
    "0": -103.34650726773502,
    "1": -96.50667817137156,
    "2": -79.4400061261749,
    "3": -80.21753858716336,
    "4": -78.19436926575622,
    "5": -85.34189099053388,
    "6": -69.59311582963193,
    "7": -75.82877595133165,
    "8": -73.26943191025121,
    "9": -75.53081325927704,
    "10": -74.56941330205531,
    "11": -66.14398976350773,
    "12": -64.34598919729245,
    "13": -66.19161742107188,
    "14": -59.93366426515156,
    "15": -56.66356243535302,
    "16": -61.41356914960382,
    "17": -56.8165915077885,
    "18": -56.78463300582462,
    "19": -57.40803192773615,
    "20": -53.37215028193894,
    "21": -50.34396135195231,
    "22": -50.43167856152029,
    "23": -48.55076174221358,
    "24": -51.612814434613746,
    "25": -51.086103262024686,
    "26": -48.53926510449065,
    "27": -51.656822001506214,
    "28": -47.87285803821365,
    "29": -47.78547272734541,
    "30": -48.7129482389848,
    "31": -58.44350075481839,
    "32": -42.493454689874056,
    "33": -50.9871307309574,
    "34": -50.254377889963095,
    "35": -50.02806091465959,
    "36": -41.25448289271156,
    "37": -43.09287610989892,
    "38": -45.314247872911906,
    "39": -44.04406587322563,
    "40": -36.77279048850496,
    "41": -44.01991778955752,
    "42": -46.45749619032705,
    "43": -48.182434964568536,
    "44": -46.77699884129587,
    "45": -43.444747528495085,
    "46": -43.5399343977735,
    "47": -47.689193901826776,
    "48": -39.87894626948635,
    "49": -45.610527211183665,
    "50": -44.93296650884484,
    "51": -44.322139230903126,
    "52": -50.25540560673344,
    "53": -41.039880684935184,
    "54": -37.99845052034082,
    "55": -44.01113180234243,
    "56": -41.62899326752617,
    "57": -37.958203973969475,
    "58": -46.67818499162545,
    "59": -47.544608689556895,
    "60": -41.22412641880368,
    "61": -37.92214078884335,
    "62": -40.474077948753745,
    "63": -42.77102897931911,
    "64": -39.80632929146682,
    "65": -41.2380272746537,
    "66": -36.43819801808299,
    "67": -40.52154848602218,
    "68": -36.87836658955075,
    "69": -38.807001654783804,
    "70": -39.14837925668154,
    "71": -37.79896487459605,
    "72": -39.40222537253058,
    "73": -42.517273715532916,
    "74": -43.39148281791743,
    "75": -38.48632527025823,
    "76": -39.110484124261696,
    "77": -41.414390834197086,
    "78": -38.603897530402826,
    "79": -42.28189014914241,
    "80": -42.21423592673503,
    "81": -43.924506514916146,
    "82": -43.80802767797305,
    "83": -44.40450222613232,
    "84": -39.72407270239054,
    "85": -40.917286338257256,
    "86": -40.564833351533835,
    "87": -41.61614293332076,
    "88": -43.17522515720918,
    "89": -44.12146800761376,
    "90": -40.449694438422306,
    "91": -37.40331781872157,
    "92": -42.642237374038125,
    "93": -41.72525545499024,
    "94": -37.64061915797615,
    "95": -40.27895885771395,
    "96": -39.72474173902749,
    "97": -39.314258918443656,
    "98": -41.65270444507608,
    "99": -39.755098217057686,
    "100": -36.403986630856124,
    "101": -36.75577058030939,
    "102": -40.54838858383946,
    "103": -41.800805803685876,
    "104": -43.083565746856,
    "105": -42.009435074771325,
    "106": -36.42217620867616,
    "107": -39.23080683835244,
    "108": -39.24726101842457,
    "109": -39.55266645599369,
    "110": -41.008184474119396,
    "111": -38.99417619928329,
    "112": -40.873419680739325,
    "113": -37.107540353438075,
    "114": -37.11744313441382,
    "115": -35.688770986849796,
    "116": -36.98694226179293,
    "117": -38.117443134413826,
    "118": -43.32960839855785,
    "119": -42.55626675061286,
    "120": -40.396609655706904,
    "121": -39.84306298231883,
    "122": -40.481379997607306,
    "123": -38.83317415274853,
    "124": -39.87400124831752,
    "125": -40.278855582581585,
    "126": -38.842974074707996,
    "127": -41.902345590426116,
    "128": -38.95644105734358,
    "129": -38.755099849662614,
    "130": -39.1117363920267,
    "131": -35.67165861993627,
    "132": -40.98746826141446,
    "133": -38.07652524310605,
    "134": -35.59424253415308,
    "135": -38.87827579429555,
    "136": -36.958203779424394,
    "137": -40.31920585407512,
    "138": -37.47415815322238,
    "139": -39.22520340519777,
    "140": -39.24298647237223,
    "141": -35.98133860301004,
    "142": -36.92650446757704,
    "143": -38.72465261047726,
    "144": -42.864189258958255,
    "145": -40.194743847761174,
    "146": -41.594097803052335,
    "147": -37.35584565178805,
    "148": -35.386863863719775,
    "149": -34.94603688390468
}