{
    "0": -220.8894495683738,
    "1": -227.04419959490255,
    "2": -233.97881267028995,
    "3": -215.05108494108453,
    "4": -211.8096220572152,
    "5": -188.25980751917174,
    "6": -192.62807253937626,
    "7": -190.65931375482103,
    "8": -180.46669408127343,
    "9": -201.34099483314884,
    "10": -179.55525219258027,
    "11": -184.52103440055032,
    "12": -165.939783279681,
    "13": -167.23941157768854,
    "14": -160.48081769174937,
    "15": -164.712177552678,
    "16": -155.69433501954708,
    "17": -155.7262523112032,
    "18": -138.4530340645272,
    "19": -163.18063105979286,
    "20": -141.61659881449728,
    "21": -142.98791599453557,
    "22": -124.43970033187092,
    "23": -141.24206879867452,
    "24": -136.86429451083293,
    "25": -129.49466499295323,
    "26": -139.26268883402125,
    "27": -142.21707718790265,
    "28": -142.02133360300027,
    "29": -113.58555719960673,
    "30": -136.00304471684348,
    "31": -125.56675613144326,
    "32": -130.79199326181305,
    "33": -125.59322980689792,
    "34": -126.21408987570632,
    "35": -115.09381432263329,
    "36": -126.5874673878399,
    "37": -128.74580272710392,
    "38": -126.11839931853447,
    "39": -103.73278789854028,
    "40": -99.31961089658789,
    "41": -109.38165451412492,
    "42": -111.99082441729642,
    "43": -103.27232482628328,
    "44": -103.11550890164473,
    "45": -96.57288691434793,
    "46": -112.45103070769987,
    "47": -105.41212450169785,
    "48": -101.21311034993637,
    "49": -105.98025326836338,
    "50": -106.04009949964343,
    "51": -107.42680683335672,
    "52": -104.09965449549323,
    "53": -104.66353749117775,
    "54": -98.39213205939166,
    "55": -94.5083116838672,
    "56": -100.07360060524303,
    "57": -97.25274073397655,
    "58": -97.41914833020034,
    "59": -95.3716792953365,
    "60": -102.77053570980519,
    "61": -104.50023070520321,
    "62": -94.71180820263025,
    "63": -101.14351939585758,
    "64": -91.50691513165356,
    "65": -101.70830816855403,
    "66": -88.40764131559594,
    "67": -93.81310903303113,
    "68": -86.89970914942585,
    "69": -95.65771213872011,
    "70": -90.17988754844102,
    "71": -93.9266546102254,
    "72": -91.27221785428124,
    "73": -97.72506916853125,
    "74": -93.36700060542263,
    "75": -94.10443396765984,
    "76": -91.05469889600508,
    "77": -87.47407140490584,
    "78": -91.11050965441821,
    "79": -92.71196349429171,
    "80": -96.86784014116488,
    "81": -93.36588364190453,
    "82": -96.12823907290057,
    "83": -92.94378070298265,
    "84": -85.85527493196307,
    "85": -82.94996181219038,
    "86": -86.66752192196607,
    "87": -89.03000179187781,
    "88": -95.03499667373576,
    "89": -88.2345593624694,
    "90": -83.82014035073388,
    "91": -90.2868000660698,
    "92": -89.93158923433776,
    "93": -90.0712182249253,
    "94": -100.08007781559948,
    "95": -89.5190818006491,
    "96": -94.01393994225819,
    "97": -90.0886346730307,
    "98": -93.61073117099546,
    "99": -94.60586116394718,
    "100": -94.79462459981696,
    "101": -95.85595741340548,
    "102": -95.21910852121528,
    "103": -89.87153500419944,
    "104": -85.67546815008212,
    "105": -82.0073061442934,
    "106": -96.3065285492751,
    "107": -100.94736931865211,
    "108": -90.2613812503062,
    "109": -83.34323997645734,
    "110": -84.4869585253477,
    "111": -90.57225656030873,
    "112": -88.26803432176702,
    "113": -81.39145949701195,
    "114": -83.88193843270157,
    "115": -88.01668882343016,
    "116": -89.69635509776974,
    "117": -86.82691829858314,
    "118": -89.23730849980564,
    "119": -88.6140380914439,
    "120": -76.28232720620503,
    "121": -88.27616164230993,
    "122": -83.18583118486093,
    "123": -92.25962947001223,
    "124": -91.27540021428638,
    "125": -88.67290283311686,
    "126": -91.42223882539541,
    "127": -88.0399203009214,
    "128": -83.18223748391411,
    "129": -80.04059740256547,
    "130": -94.2130922409234,
    "131": -91.61341053922544,
    "132": -82.89744230856495,
    "133": -91.8235909723901,
    "134": -80.48259673529824,
    "135": -88.42718240459563,
    "136": -85.66482656215365,
    "137": -81.32619549583531,
    "138": -88.24054492942128,
    "139": -93.5637055433863,
    "140": -96.01986967690804,
    "141": -87.49057485410886,
    "142": -83.68446231406138,
    "143": -87.29720947192595,
    "144": -88.72394634549615,
    "145": -93.32097721678457,
    "146": -91.80552115831802,
    "147": -89.04192755034553,
    "148": -89.30886266023036,
    "149": -94.47029799617502
}