{
    "0": -136.39816822509633,
    "1": -127.47564889928344,
    "2": -97.44833094613254,
    "3": -107.63457593782607,
    "4": -123.75953604197954,
    "5": -90.70895144961693,
    "6": -104.4795401900807,
    "7": -97.22474880347632,
    "8": -97.58197754630939,
    "9": -90.79228620462666,
    "10": -88.95716516641964,
    "11": -84.7463006996482,
    "12": -83.60666093231674,
    "13": -89.86930427905777,
    "14": -80.03776244373152,
    "15": -92.16369109919478,
    "16": -72.46328277596417,
    "17": -91.26262883295476,
    "18": -80.00479410259648,
    "19": -70.10646366260673,
    "20": -68.12683497023764,
    "21": -58.82558674839377,
    "22": -62.235421080849314,
    "23": -69.31287896955101,
    "24": -49.112158402089754,
    "25": -60.60354380747757,
    "26": -59.64093594076674,
    "27": -62.11692134720752,
    "28": -55.17906550287113,
    "29": -51.966582338867745,
    "30": -55.96571782019672,
    "31": -57.80010760890641,
    "32": -51.68054906693684,
    "33": -56.12187795138004,
    "34": -45.35475833281966,
    "35": -45.83726476085189,
    "36": -46.16910822226504,
    "37": -54.62374554770034,
    "38": -50.996268173360455,
    "39": -63.158943961313476,
    "40": -52.830477583433925,
    "41": -46.2001354516435,
    "42": -49.46575678660726,
    "43": -58.78350904043696,
    "44": -59.84832667449068,
    "45": -48.588311423218606,
    "46": -44.117774311075394,
    "47": -51.391493712433515,
    "48": -37.67685657422728,
    "49": -38.78904812403971,
    "50": -50.240960854662646,
    "51": -46.44205291298369,
    "52": -42.189637356203534,
    "53": -53.752866178651104,
    "54": -52.71214577634886,
    "55": -37.861754681316825,
    "56": -40.80188117723846,
    "57": -43.35476028011815,
    "58": -42.34384162651718,
    "59": -48.229850497178795,
    "60": -46.2599134005564,
    "61": -48.028122329422594,
    "62": -48.6127628426136,
    "63": -42.74032388435842,
    "64": -38.669725495195514,
    "65": -43.82502057028973,
    "66": -41.212774800767804,
    "67": -44.140894767685765,
    "68": -48.919603183361474,
    "69": -39.314513320013134,
    "70": -56.107777122323796,
    "71": -43.83290085705814,
    "72": -43.982338626463935,
    "73": -46.88279072903428,
    "74": -51.37493715868978,
    "75": -40.7367111027417,
    "76": -38.4195737606648,
    "77": -43.063255673242466,
    "78": -35.7848629543782,
    "79": -46.3865470592279,
    "80": -40.789794032472244,
    "81": -44.224942369843866,
    "82": -33.26167465476849,
    "83": -37.98168207689842,
    "84": -36.21352426283145,
    "85": -43.20791871745506,
    "86": -36.64941662218431,
    "87": -42.70008008040887,
    "88": -39.77764108827071,
    "89": -38.44992885701423,
    "90": -40.44681409009527,
    "91": -31.77764109190043,
    "92": -47.81511443735841,
    "93": -36.05362649706652,
    "94": -42.978064017299666,
    "95": -37.63944784304208,
    "96": -49.25671852300783,
    "97": -39.62745411018493,
    "98": -39.965238547899595,
    "99": -40.451748481309835,
    "100": -42.38494107360152,
    "101": -37.98720722717774,
    "102": -36.89761176234579,
    "103": -39.45127169608996,
    "104": -36.2306335298292,
    "105": -38.25366814171484,
    "106": -41.61773103722976,
    "107": -34.618403370011315,
    "108": -42.81351208722077,
    "109": -36.14653714870173,
    "110": -39.208498838396046,
    "111": -36.297545198842656,
    "112": -40.061414539179594,
    "113": -44.2128292079357,
    "114": -45.58778375252188,
    "115": -39.33840918580632,
    "116": -41.87137262154849,
    "117": -32.42081235960137,
    "118": -38.98006383036644,
    "119": -35.62191500849135,
    "120": -34.21771863956555,
    "121": -35.49831591500987,
    "122": -39.97378738447264,
    "123": -38.69023097927504,
    "124": -38.456884316466116,
    "125": -37.0160329851075,
    "126": -41.213522596693146,
    "127": -45.859319206686685,
    "128": -42.21344431850801,
    "129": -49.7296766903566,
    "130": -47.61013557969481,
    "131": -35.97513087241283,
    "132": -32.860993181271695,
    "133": -36.01041847652042,
    "134": -37.000540496745295,
    "135": -39.14159021347696,
    "136": -40.61336591574443,
    "137": -35.4518518167289,
    "138": -39.28044388039186,
    "139": -42.37189836293183,
    "140": -38.6006082577265,
    "141": -42.331765721335024,
    "142": -42.46660741939747,
    "143": -45.01603439254892,
    "144": -42.118168034187704,
    "145": -29.575118310587797,
    "146": -35.408746439083664,
    "147": -45.26417539511804,
    "148": -40.84939345588731,
    "149": -36.537134010763715
}