{
    "0": -209.08665367208516,
    "1": -175.52614063374153,
    "2": -166.19624437578966,
    "3": -157.05245960072278,
    "4": -159.98804823004423,
    "5": -146.74600922731128,
    "6": -138.25479202921323,
    "7": -151.86871063714122,
    "8": -162.889584685886,
    "9": -151.27823882519172,
    "10": -150.23461428505863,
    "11": -148.622015879188,
    "12": -127.17505027750799,
    "13": -124.81153301181845,
    "14": -123.2689691483954,
    "15": -129.13636258399418,
    "16": -108.92112381690174,
    "17": -126.7023160243757,
    "18": -108.89120702641199,
    "19": -110.60004944130426,
    "20": -114.67856618757736,
    "21": -98.7911926555486,
    "22": -111.12986401168895,
    "23": -111.43151006990811,
    "24": -94.33632323617557,
    "25": -94.82914317584813,
    "26": -98.34187487667141,
    "27": -88.76197177915653,
    "28": -103.86639051633053,
    "29": -98.91645135464344,
    "30": -85.40836236161692,
    "31": -85.21328140148339,
    "32": -89.91667644581474,
    "33": -82.21298939970023,
    "34": -78.81254623360721,
    "35": -81.88969781894302,
    "36": -77.8231264156516,
    "37": -89.46086672872013,
    "38": -82.25789341506267,
    "39": -88.18045104935531,
    "40": -78.63680791492243,
    "41": -82.00523225884729,
    "42": -64.08852602037871,
    "43": -88.93782174112071,
    "44": -86.34630475331664,
    "45": -79.33975684917446,
    "46": -79.76601567864911,
    "47": -67.23841148128798,
    "48": -73.66515550273553,
    "49": -81.5143462680987,
    "50": -76.88918435107978,
    "51": -70.12969516353537,
    "52": -73.35972160044746,
    "53": -70.64330935007703,
    "54": -77.07710941232715,
    "55": -92.6456062184323,
    "56": -68.55927068752321,
    "57": -64.88677536334126,
    "58": -69.36905682939987,
    "59": -64.24777699253272,
    "60": -65.21718566707338,
    "61": -59.826901293851144,
    "62": -67.76573299412054,
    "63": -60.31460629874589,
    "64": -63.680999524267946,
    "65": -70.5754018679559,
    "66": -81.80340184338152,
    "67": -69.63761298276617,
    "68": -64.55252418124394,
    "69": -65.7936839554703,
    "70": -65.8853435299869,
    "71": -63.71951600215784,
    "72": -64.07629256658647,
    "73": -57.83165266444122,
    "74": -65.43276911385418,
    "75": -79.05174726857621,
    "76": -52.08911844648086,
    "77": -55.6322693976164,
    "78": -58.15601470047438,
    "79": -67.75773900965794,
    "80": -66.34428122202954,
    "81": -69.11880398927015,
    "82": -65.87551426000721,
    "83": -65.83334394916113,
    "84": -55.47074278413242,
    "85": -66.29641856622418,
    "86": -71.68090891434709,
    "87": -66.34026504966474,
    "88": -67.8452264696749,
    "89": -66.72022397541181,
    "90": -59.931351128776924,
    "91": -54.10917373442869,
    "92": -63.510986429310364,
    "93": -58.3426341423036,
    "94": -61.96528197659852,
    "95": -60.10738599023444,
    "96": -60.45373392209175,
    "97": -55.941014401071826,
    "98": -59.37614476113824,
    "99": -55.06469148691981,
    "100": -51.55879879589499,
    "101": -62.67853247256073,
    "102": -54.371383276261874,
    "103": -57.304344678175646,
    "104": -69.38175160282785,
    "105": -63.37783251813291,
    "106": -61.853279887537894,
    "107": -68.30359734627714,
    "108": -65.57723557124858,
    "109": -61.45288143575586,
    "110": -48.33588933930481,
    "111": -62.558600182433096,
    "112": -63.190711943511126,
    "113": -63.53268054718391,
    "114": -51.712762285782894,
    "115": -54.98418409218131,
    "116": -61.76614359574378,
    "117": -62.542788786464264,
    "118": -51.70495138189892,
    "119": -63.76902754454282,
    "120": -50.65119541063881,
    "121": -55.16827911731903,
    "122": -53.16397833507685,
    "123": -61.704268410267375,
    "124": -52.046250304925266,
    "125": -51.09153370895983,
    "126": -59.51022707633532,
    "127": -59.154828842710955,
    "128": -56.49950443927987,
    "129": -67.7504877607847,
    "130": -56.78579119038061,
    "131": -62.8227835021191,
    "132": -58.58400030880311,
    "133": -66.12297235082906,
    "134": -66.05966633328707,
    "135": -53.457709680043706,
    "136": -52.47852506231379,
    "137": -62.17359932107752,
    "138": -50.340355881659676,
    "139": -49.80498956784206,
    "140": -49.09696978381423,
    "141": -61.142927950996935,
    "142": -56.691378326988946,
    "143": -48.41614168761959,
    "144": -62.01522498813164,
    "145": -57.80356822130066,
    "146": -57.322936146006576,
    "147": -69.98680936956339,
    "148": -59.19074902903985,
    "149": -63.0896660984115
}