{
    "0": -131.08859206424643,
    "1": -135.85256889561623,
    "2": -120.32077391488642,
    "3": -111.73027154870161,
    "4": -114.85287648496559,
    "5": -112.7270468376596,
    "6": -93.39103474798638,
    "7": -90.82353874618047,
    "8": -94.72944386896823,
    "9": -82.96018908553827,
    "10": -103.88327629996132,
    "11": -92.25831268279171,
    "12": -77.3961003524252,
    "13": -70.43691375108162,
    "14": -82.17395311405376,
    "15": -69.99878189048617,
    "16": -74.89222081199328,
    "17": -63.432809920275204,
    "18": -74.23516285369404,
    "19": -65.91021238903183,
    "20": -63.64438465103147,
    "21": -72.97577604066464,
    "22": -69.57888353892085,
    "23": -58.18878502561083,
    "24": -62.94980232429353,
    "25": -53.60851123178812,
    "26": -52.815219400274884,
    "27": -63.43222835339215,
    "28": -53.85518172623806,
    "29": -51.14803971101786,
    "30": -51.21856300210366,
    "31": -58.862675986781696,
    "32": -50.13829400207882,
    "33": -49.946380067047485,
    "34": -54.49378107841266,
    "35": -61.17915796634618,
    "36": -55.96622739879217,
    "37": -38.94515699323639,
    "38": -46.774367516892646,
    "39": -49.37680104571441,
    "40": -45.18264615782578,
    "41": -48.8609927001012,
    "42": -43.6706361083505,
    "43": -42.70669910655323,
    "44": -46.359703414908196,
    "45": -45.552973064265984,
    "46": -37.706696010268345,
    "47": -33.241381556333785,
    "48": -39.134698894440156,
    "49": -41.77378927137836,
    "50": -43.587360828730745,
    "51": -45.33198256822496,
    "52": -41.364634123867255,
    "53": -50.39006196978063,
    "54": -38.89990064869096,
    "55": -46.70171721677493,
    "56": -39.81461487082331,
    "57": -36.77426654174124,
    "58": -44.40538437533676,
    "59": -40.172000652723106,
    "60": -38.40547331373437,
    "61": -46.74323246472461,
    "62": -35.701754055473515,
    "63": -38.20302756660594,
    "64": -43.779567114772135,
    "65": -45.99215247339226,
    "66": -40.17201287944352,
    "67": -34.41040812928779,
    "68": -37.804725878370604,
    "69": -36.57629965916068,
    "70": -38.32791438077903,
    "71": -41.881548073716665,
    "72": -40.44144572429676,
    "73": -38.20301720048437,
    "74": -37.44143532930283,
    "75": -37.72555916019861,
    "76": -34.100157008834984,
    "77": -36.89278018726697,
    "78": -30.207405456396128,
    "79": -46.63814925963169,
    "80": -36.646892698748076,
    "81": -35.52874190352393,
    "82": -34.01603585694783,
    "83": -32.41041855941425,
    "84": -37.89705640461981,
    "85": -34.17197437838778,
    "86": -37.643959518558525,
    "87": -34.648915169293424,
    "88": -34.801857278557875,
    "89": -32.44581293310429,
    "90": -38.095202800200255,
    "91": -29.61285384183393,
    "92": -29.851348619827004,
    "93": -33.96395288415617,
    "94": -31.400529925077315,
    "95": -29.765806324274443,
    "96": -36.2390799624307,
    "97": -29.041512067819262,
    "98": -32.725559358931164,
    "99": -32.64823406063056,
    "100": -33.83355515653161,
    "101": -41.945749160252475,
    "102": -33.76705526242686,
    "103": -35.04017210583982,
    "104": -30.005644391547637,
    "105": -39.280534677396034,
    "106": -31.761531805191797,
    "107": -42.13050305038622,
    "108": -38.41527424932515,
    "109": -37.77435379063463,
    "110": -37.12613940315415,
    "111": -31.964043701561273,
    "112": -31.766475392421697,
    "113": -34.035986913493716,
    "114": -34.93360520826832,
    "115": -37.409143603635094,
    "116": -36.07758897584529,
    "117": -46.802933559879726,
    "118": -34.44153815318817,
    "119": -37.18592896068476,
    "120": -39.760268846863504,
    "121": -35.84453760183268,
    "122": -40.52312429794187,
    "123": -35.99080839692793,
    "124": -34.35608504719145,
    "125": -34.7311627920758,
    "126": -39.793295646136734,
    "127": -35.16697856207893,
    "128": -36.202449546162015,
    "129": -38.75715203083945,
    "130": -44.55422969547347,
    "131": -34.33856636836463,
    "132": -28.49285696041035,
    "133": -37.554140849974665,
    "134": -35.20807756426088,
    "135": -41.15724508406578,
    "136": -30.275077381675228,
    "137": -31.79817301091288,
    "138": -33.643210341520344,
    "139": -35.64824427337203,
    "140": -34.612156676672896,
    "141": -36.40547184053279,
    "142": -31.964611356440173,
    "143": -38.52747895310126,
    "144": -33.964623645270194,
    "145": -33.801766261872466,
    "146": -35.24336510689086,
    "147": -45.96320373679218,
    "148": -34.56394051695192,
    "149": -36.83908737730139
}