{
    "0": -188.29023287538843,
    "1": -189.29308941245105,
    "2": -181.69951867582535,
    "3": -171.02658881931148,
    "4": -177.27243598596976,
    "5": -159.84662683488366,
    "6": -160.47147629655126,
    "7": -146.00340664543552,
    "8": -169.94092515367043,
    "9": -148.78152114675328,
    "10": -141.2460789462577,
    "11": -142.0284154847525,
    "12": -132.66207177987667,
    "13": -137.57238323444986,
    "14": -127.63067671884994,
    "15": -143.9508426948462,
    "16": -146.30305634954394,
    "17": -111.85299504827141,
    "18": -123.05694113296488,
    "19": -113.64914022036027,
    "20": -106.64259212157657,
    "21": -114.12390362051237,
    "22": -120.42234877055472,
    "23": -112.01490478307409,
    "24": -110.67812685808792,
    "25": -112.19422511550731,
    "26": -110.25945529336681,
    "27": -105.86556417950409,
    "28": -118.58720076559798,
    "29": -99.33407957034264,
    "30": -98.70793175901294,
    "31": -106.67385117756955,
    "32": -110.73147963664265,
    "33": -89.89753889634562,
    "34": -106.19548949981238,
    "35": -87.81178235714034,
    "36": -90.11153278327075,
    "37": -84.87832216904417,
    "38": -103.77419573289187,
    "39": -98.99008628807844,
    "40": -93.46639271970193,
    "41": -88.06593640376819,
    "42": -80.18549163975659,
    "43": -88.32016544908002,
    "44": -101.60369212773189,
    "45": -88.37025981794052,
    "46": -96.59271147033186,
    "47": -83.32169764381432,
    "48": -86.42030361847583,
    "49": -87.31249149354423,
    "50": -93.67538227408856,
    "51": -74.96907457436033,
    "52": -83.4613245891798,
    "53": -82.83246938341613,
    "54": -85.88100167491274,
    "55": -83.47190297483411,
    "56": -81.53249587044844,
    "57": -78.45694842708984,
    "58": -89.60065960367645,
    "59": -76.26123421199722,
    "60": -88.91407138974273,
    "61": -78.43606277307228,
    "62": -89.88471333385168,
    "63": -79.4912474832328,
    "64": -75.79832529309839,
    "65": -84.58666195373677,
    "66": -81.62699997557532,
    "67": -79.62442186754318,
    "68": -79.38114954318456,
    "69": -79.42533847822207,
    "70": -76.05803932241588,
    "71": -80.43180213923809,
    "72": -84.74331093544768,
    "73": -77.08895205051478,
    "74": -72.65820851558264,
    "75": -82.30683708134418,
    "76": -81.05205579383043,
    "77": -80.82348314747436,
    "78": -77.85393377733023,
    "79": -70.39150192028693,
    "80": -83.71574680404139,
    "81": -73.12209149626091,
    "82": -72.27799139900428,
    "83": -74.9740824886171,
    "84": -84.90457285702948,
    "85": -83.56836689568959,
    "86": -77.91696308398458,
    "87": -69.63136402210719,
    "88": -79.77753280685495,
    "89": -69.33315284665453,
    "90": -75.89660229278356,
    "91": -73.64106990954822,
    "92": -68.47957895756672,
    "93": -76.61124276130714,
    "94": -74.52092285664749,
    "95": -79.4359447215997,
    "96": -77.44511247745866,
    "97": -81.83048718645618,
    "98": -70.74831669826098,
    "99": -74.69896671099255,
    "100": -73.50978274329279,
    "101": -69.37818727542583,
    "102": -69.0238700956254,
    "103": -71.28435677418584,
    "104": -73.99923494932025,
    "105": -63.5996543446847,
    "106": -73.92048277758904,
    "107": -73.91204286507998,
    "108": -78.4069525624125,
    "109": -71.20328437150738,
    "110": -83.24662141107869,
    "111": -73.71461168442218,
    "112": -72.90859737436678,
    "113": -74.1480722580583,
    "114": -77.95630125267486,
    "115": -70.25089623132648,
    "116": -72.27524150275634,
    "117": -66.66003637633223,
    "118": -72.39698522537972,
    "119": -71.2690210239043,
    "120": -66.26069442395378,
    "121": -73.42962863808954,
    "122": -65.90496735439253,
    "123": -78.1201844688536,
    "124": -71.74900134580639,
    "125": -69.70321857316326,
    "126": -64.58749931838102,
    "127": -68.8646418463803,
    "128": -64.47638433896218,
    "129": -72.58985441851728,
    "130": -68.34716151976708,
    "131": -68.55386827289016,
    "132": -69.87446738921652,
    "133": -71.57997454770225,
    "134": -66.18268473769797,
    "135": -71.70188777111586,
    "136": -70.80041228770432,
    "137": -69.07212532385,
    "138": -72.66429719477244,
    "139": -72.62900728469147,
    "140": -75.14233465661701,
    "141": -64.74865045532842,
    "142": -80.32577063037307,
    "143": -69.71246297560945,
    "144": -65.18985258999197,
    "145": -71.98739608275557,
    "146": -67.5416101356157,
    "147": -65.01118932412439,
    "148": -63.868094934880205,
    "149": -61.78080397092158
}