{
    "0": -206.10551832400992,
    "1": -219.1386287315452,
    "2": -202.9407849266968,
    "3": -207.11077217769463,
    "4": -202.0345746501318,
    "5": -184.26006780475774,
    "6": -194.57636155910788,
    "7": -179.98444946142456,
    "8": -167.84253651650113,
    "9": -170.159006479695,
    "10": -166.69673401726132,
    "11": -177.04506535856794,
    "12": -150.24958832313072,
    "13": -152.43584602968568,
    "14": -169.34464690291117,
    "15": -156.29645164514315,
    "16": -141.64036557665747,
    "17": -127.43668125845737,
    "18": -153.8396017399268,
    "19": -140.3414185901612,
    "20": -136.92130678749865,
    "21": -126.25192795436844,
    "22": -137.36008399110057,
    "23": -115.16765649647215,
    "24": -141.484536628756,
    "25": -138.59630015871772,
    "26": -132.2873175940249,
    "27": -124.44853518685083,
    "28": -116.04194449299669,
    "29": -120.0265271412646,
    "30": -114.4567153732835,
    "31": -115.13764463031401,
    "32": -100.93351334381362,
    "33": -110.00850832012578,
    "34": -109.3958425240282,
    "35": -113.52108841455228,
    "36": -101.14228811395752,
    "37": -95.24461172815923,
    "38": -103.60420625910403,
    "39": -98.94411555601569,
    "40": -107.69671006785882,
    "41": -97.9085181063439,
    "42": -94.42192058695328,
    "43": -107.88722558939865,
    "44": -103.23768209749619,
    "45": -92.4798717085594,
    "46": -93.36817093842708,
    "47": -89.60923516739442,
    "48": -99.61897909655059,
    "49": -92.55373329177995,
    "50": -91.31732145158281,
    "51": -94.47330848530778,
    "52": -88.13341872603608,
    "53": -92.35415972208332,
    "54": -97.5788522838858,
    "55": -85.99582987787309,
    "56": -88.86542683285313,
    "57": -77.7372839580706,
    "58": -84.0794510587183,
    "59": -87.45801607197254,
    "60": -79.66551030899043,
    "61": -88.29703858920293,
    "62": -91.40141969331195,
    "63": -86.03966425630465,
    "64": -81.80797965221808,
    "65": -91.82659481489408,
    "66": -82.61100586564028,
    "67": -85.03103890076068,
    "68": -83.13600789344142,
    "69": -78.67943596660905,
    "70": -84.33358615013113,
    "71": -77.14069428894724,
    "72": -83.146450373404,
    "73": -80.32184410514606,
    "74": -73.4043640020209,
    "75": -83.25995858282376,
    "76": -80.1200688408976,
    "77": -78.5459259140294,
    "78": -83.4269211762949,
    "79": -83.3077337596068,
    "80": -87.2555939437609,
    "81": -72.75196217935249,
    "82": -77.64326799953301,
    "83": -77.75782911733069,
    "84": -85.57812469361174,
    "85": -80.72374797547472,
    "86": -76.89276299273172,
    "87": -77.28664326911655,
    "88": -83.76644368821742,
    "89": -85.21155894035171,
    "90": -71.92519585608902,
    "91": -75.90255916794472,
    "92": -83.86797476413851,
    "93": -75.3219334586913,
    "94": -70.58615625471758,
    "95": -76.18338443060813,
    "96": -74.31405314504916,
    "97": -75.97339972808257,
    "98": -82.57467806172703,
    "99": -81.41528008999593,
    "100": -77.85400019454508,
    "101": -63.99227534034825,
    "102": -74.94146385117453,
    "103": -81.0487946957051,
    "104": -75.63858445427599,
    "105": -70.35563092147005,
    "106": -82.09419327581418,
    "107": -76.69506673189272,
    "108": -78.72594756918737,
    "109": -77.36604552035386,
    "110": -68.7038105707834,
    "111": -80.59402255445485,
    "112": -76.21736947662099,
    "113": -73.46490138586174,
    "114": -78.27443815716738,
    "115": -72.42767715236135,
    "116": -66.7076710424172,
    "117": -75.76611205377597,
    "118": -81.25986778882415,
    "119": -85.61669843544756,
    "120": -83.08838350622536,
    "121": -82.04383696579589,
    "122": -77.84228034556332,
    "123": -72.50640090097778,
    "124": -75.70876474490251,
    "125": -79.58792178321723,
    "126": -67.14464818073304,
    "127": -81.50618824887073,
    "128": -70.41685122943802,
    "129": -77.26791609942516,
    "130": -84.3025215220835,
    "131": -65.85684010175221,
    "132": -79.5520543104708,
    "133": -76.02556371794829,
    "134": -77.43856104806251,
    "135": -75.30250901331725,
    "136": -76.02864280296441,
    "137": -78.74782870639795,
    "138": -80.19737606347931,
    "139": -74.48004467209985,
    "140": -72.34833009012519,
    "141": -81.49644660954166,
    "142": -76.63623129352044,
    "143": -78.44070401114263,
    "144": -67.00634716182202,
    "145": -71.77860982854517,
    "146": -79.62892852120608,
    "147": -75.1007817441427,
    "148": -74.03487768847819,
    "149": -71.34784097729363
}