{
    "0": -134.01870314574145,
    "1": -124.58610330815507,
    "2": -111.50070666036257,
    "3": -106.77033615249083,
    "4": -117.5381459292744,
    "5": -106.63958468483959,
    "6": -96.23582612074443,
    "7": -97.91708106858246,
    "8": -108.89113877835202,
    "9": -105.77898505429427,
    "10": -85.1667404715319,
    "11": -82.58241034624191,
    "12": -81.82826217885182,
    "13": -99.73436405354815,
    "14": -71.05048648379736,
    "15": -86.14078192313806,
    "16": -67.67942317142135,
    "17": -85.24531619172221,
    "18": -76.92422920286896,
    "19": -73.22770203201777,
    "20": -71.80075955896068,
    "21": -77.53638141343977,
    "22": -70.39080947274088,
    "23": -68.76513426251964,
    "24": -57.51506696353135,
    "25": -59.52712916483962,
    "26": -71.1959175404817,
    "27": -57.94978843506204,
    "28": -54.065107467007834,
    "29": -57.30836804698458,
    "30": -54.54009601368859,
    "31": -65.80102718263313,
    "32": -56.084925106485336,
    "33": -52.71322521979117,
    "34": -50.31382866833671,
    "35": -48.03543420322622,
    "36": -59.51702143011265,
    "37": -70.39406390356125,
    "38": -44.99400621274689,
    "39": -55.555839790831286,
    "40": -44.666427785384215,
    "41": -43.78417996577845,
    "42": -42.89990067495329,
    "43": -53.3912858848428,
    "44": -47.277934500752245,
    "45": -57.04026385194744,
    "46": -40.84982709160386,
    "47": -49.6235866787546,
    "48": -45.31867038034722,
    "49": -49.35485105119021,
    "50": -43.5121546795379,
    "51": -43.67012073758578,
    "52": -40.90913108919863,
    "53": -42.34995951412966,
    "54": -51.30794962841458,
    "55": -38.374524872580395,
    "56": -50.986623802403884,
    "57": -41.194585898167546,
    "58": -40.130309956669684,
    "59": -44.065666181875166,
    "60": -41.29915090624062,
    "61": -39.01251373339923,
    "62": -42.42108683687447,
    "63": -46.187623561336245,
    "64": -34.98183902605687,
    "65": -35.670780847146254,
    "66": -36.37671213866874,
    "67": -36.607223523616085,
    "68": -48.54995762403135,
    "69": -33.80974963159973,
    "70": -44.88707511141462,
    "71": -38.90989086533448,
    "72": -38.01780982273513,
    "73": -38.34511565950275,
    "74": -37.189731252972514,
    "75": -35.934453187677704,
    "76": -40.58911312474365,
    "77": -39.332859406218404,
    "78": -41.219572511474325,
    "79": -35.30259228650036,
    "80": -36.13840938227827,
    "81": -42.22997821776796,
    "82": -30.779393379754467,
    "83": -39.22367784578915,
    "84": -37.7384870752282,
    "85": -48.52965938109084,
    "86": -40.099474209586894,
    "87": -38.345026553148664,
    "88": -40.459164430655754,
    "89": -43.292507905802424,
    "90": -31.571923913027224,
    "91": -35.76950263571994,
    "92": -36.062834416641316,
    "93": -43.344342130116004,
    "94": -38.177971878842285,
    "95": -40.22986304105831,
    "96": -38.499900284470385,
    "97": -31.737055580537817,
    "98": -37.50482101486438,
    "99": -48.09007595725685,
    "100": -42.02820150799679,
    "101": -30.815261056659487,
    "102": -24.37385583537711,
    "103": -40.82491582783907,
    "104": -41.64195804258649,
    "105": -28.04816776399197,
    "106": -33.40556599345524,
    "107": -32.60787176085613,
    "108": -39.788943601967375,
    "109": -33.13592680757199,
    "110": -38.14880149299465,
    "111": -36.540131887328116,
    "112": -36.805305782904355,
    "113": -33.3745248679018,
    "114": -33.54098417906403,
    "115": -30.65052301153591,
    "116": -33.74341763657507,
    "117": -42.89619159160655,
    "118": -43.73704300561882,
    "119": -40.49446451360042,
    "120": -45.77360810363265,
    "121": -34.693940022907654,
    "122": -44.54030407062156,
    "123": -34.26642602125774,
    "124": -38.89202016851684,
    "125": -41.82492831016386,
    "126": -32.933016311672326,
    "127": -32.968987319399375,
    "128": -35.693188927131956,
    "129": -32.729912442122945,
    "130": -42.28053444764553,
    "131": -28.50431958742011,
    "132": -26.932936396768568,
    "133": -33.52806932345795,
    "134": -35.24950916667999,
    "135": -43.761402481190856,
    "136": -35.87985160579811,
    "137": -33.167067690542225,
    "138": -37.19572721949397,
    "139": -29.32629597429566,
    "140": -33.93366268609357,
    "141": -37.28965304349302,
    "142": -37.04151181226873,
    "143": -42.36814908424116,
    "144": -34.65855979577932,
    "145": -29.56479069542565,
    "146": -42.046803381288505,
    "147": -35.492846336252036,
    "148": -35.5279784667151,
    "149": -34.36169934004816
}