{
    "0": -128.60035306431487,
    "1": -123.63009468000374,
    "2": -112.43370342650682,
    "3": -115.21567918131223,
    "4": -95.43950826907762,
    "5": -108.92104712489723,
    "6": -90.81987313707671,
    "7": -86.68642492916781,
    "8": -96.64114330279025,
    "9": -96.78454803914558,
    "10": -92.20382451285982,
    "11": -83.71095257838387,
    "12": -79.49612934485528,
    "13": -80.01069519745234,
    "14": -79.23571815522169,
    "15": -70.5055055536939,
    "16": -74.15066196693603,
    "17": -79.47049740755723,
    "18": -71.52131643955792,
    "19": -72.08217384732302,
    "20": -76.69188353864963,
    "21": -69.79055727970739,
    "22": -70.65181892296643,
    "23": -72.40386098982327,
    "24": -70.72547263695228,
    "25": -67.13048418978265,
    "26": -68.6847138162426,
    "27": -66.93217793835323,
    "28": -66.21206919494527,
    "29": -67.96275126484211,
    "30": -63.53055979576732,
    "31": -65.21998896597096,
    "32": -51.900180504689594,
    "33": -59.0849089146849,
    "34": -55.04969870062777,
    "35": -64.71337311244893,
    "36": -65.62497122123722,
    "37": -57.24025385194876,
    "38": -58.35998079205378,
    "39": -55.287343048672305,
    "40": -65.6925524163747,
    "41": -53.759890724547624,
    "42": -61.01894642397049,
    "43": -56.1865814136892,
    "44": -55.00073121999552,
    "45": -56.26833040223076,
    "46": -52.51862986912712,
    "47": -57.26948101982766,
    "48": -57.23124422919581,
    "49": -53.96661081487198,
    "50": -51.96005800769058,
    "51": -56.19509991974855,
    "52": -54.45072160130413,
    "53": -53.63134413171121,
    "54": -51.360070410036386,
    "55": -53.040489046705716,
    "56": -57.95999198326978,
    "57": -52.04962915135441,
    "58": -57.13354435001839,
    "59": -53.10881774831158,
    "60": -51.47344848093867,
    "61": -51.58562963401697,
    "62": -55.33716405156567,
    "63": -54.760981263841344,
    "64": -52.185625806361,
    "65": -50.75276114085689,
    "66": -49.89037666077854,
    "67": -45.34068160975953,
    "68": -53.834439713460135,
    "69": -48.21674582798749,
    "70": -46.54301530635482,
    "71": -43.448600333855474,
    "72": -45.57347441366099,
    "73": -54.155206664529295,
    "74": -51.3508274727293,
    "75": -47.34000174852744,
    "76": -48.18503716467227,
    "77": -51.05573319066634,
    "78": -44.37169984747101,
    "79": -47.859925897328154,
    "80": -51.782036251694294,
    "81": -50.05640366585696,
    "82": -48.466228304287206,
    "83": -57.81732708227908,
    "84": -50.13261056824038,
    "85": -47.54244580206296,
    "86": -45.776578988181235,
    "87": -52.734897712750104,
    "88": -49.17572677530055,
    "89": -50.221689411244704,
    "90": -43.74555181457171,
    "91": -47.94276760104396,
    "92": -50.70384807562727,
    "93": -51.41419860919253,
    "94": -47.537411617680085,
    "95": -47.84834223235836,
    "96": -47.87945997656064,
    "97": -51.8129743148392,
    "98": -49.90990992168943,
    "99": -47.81119771810971,
    "100": -49.324507601724086,
    "101": -52.40634580743926,
    "102": -47.80693373754641,
    "103": -46.728427159307586,
    "104": -43.86496383162752,
    "105": -50.07352687488953,
    "106": -49.2631101980438,
    "107": -47.01422167316224,
    "108": -50.47032122840757,
    "109": -44.28936117760893,
    "110": -41.246168801426215,
    "111": -54.614813747935465,
    "112": -47.97700031151847,
    "113": -45.852125755236045,
    "114": -48.07560532005647,
    "115": -47.56919983713847,
    "116": -44.40701385136115,
    "117": -52.299005540310674,
    "118": -45.97102898109742,
    "119": -44.37597273458959,
    "120": -49.44271366613161,
    "121": -49.48004002277847,
    "122": -48.37093835147267,
    "123": -47.57414546856018,
    "124": -52.68180271617624,
    "125": -49.806909221069226,
    "126": -54.46672806003476,
    "127": -51.5318829419985,
    "128": -54.15039046980301,
    "129": -44.92583682972755,
    "130": -42.884393163868566,
    "131": -45.37529140903551,
    "132": -45.93513512892346,
    "133": -54.539015687168536,
    "134": -47.650273448554934,
    "135": -46.411276116750805,
    "136": -49.33488742771447,
    "137": -50.50142693565861,
    "138": -44.597858404035115,
    "139": -46.407013604075445,
    "140": -47.01003933038327,
    "141": -49.69045492275337,
    "142": -51.42631036523959,
    "143": -50.41907783512259,
    "144": -44.3406849662561,
    "145": -48.16726638989364,
    "146": -51.82157734587829,
    "147": -41.65103561975403,
    "148": -46.054548584522884,
    "149": -46.61362934052473
}