{
    "0": -184.45928499176492,
    "1": -196.73224847744933,
    "2": -183.82249999091653,
    "3": -173.74119068317418,
    "4": -171.3726171822887,
    "5": -173.0112322826147,
    "6": -172.385586315126,
    "7": -163.06494235171346,
    "8": -149.69680206722688,
    "9": -149.53345619447308,
    "10": -148.12815136441515,
    "11": -146.62654492779532,
    "12": -146.96293581480316,
    "13": -141.40606656786522,
    "14": -145.76768053388886,
    "15": -134.18380129917995,
    "16": -127.7292655123495,
    "17": -151.95711696519618,
    "18": -122.85525909045955,
    "19": -115.25694954758978,
    "20": -128.91312184906377,
    "21": -124.78595211836193,
    "22": -104.01135417339928,
    "23": -121.2692674591933,
    "24": -116.48915746590396,
    "25": -119.70860375043749,
    "26": -107.2187713810095,
    "27": -121.40253795198312,
    "28": -114.32071056407662,
    "29": -110.63222422658903,
    "30": -108.86139423433244,
    "31": -114.02357326677526,
    "32": -103.79580910772827,
    "33": -111.30176542331496,
    "34": -88.78919682980916,
    "35": -106.89285678839393,
    "36": -98.60136220092437,
    "37": -91.17344420273228,
    "38": -96.59080033749814,
    "39": -93.67395604965776,
    "40": -94.05144774131766,
    "41": -94.46666820954411,
    "42": -81.26602083259488,
    "43": -92.26223349923237,
    "44": -90.32562179018818,
    "45": -85.16101400337786,
    "46": -100.59936707672311,
    "47": -79.39593284669837,
    "48": -93.16355379680421,
    "49": -90.31884887658906,
    "50": -92.07053787669152,
    "51": -91.13112995786798,
    "52": -82.53863614940053,
    "53": -93.0668515393663,
    "54": -83.34180808002921,
    "55": -84.2178704452802,
    "56": -89.54899469848642,
    "57": -70.66870537757593,
    "58": -88.08670993966444,
    "59": -72.13629707399805,
    "60": -80.00632076755221,
    "61": -76.34533527674259,
    "62": -79.4483593028633,
    "63": -74.21568647126956,
    "64": -75.86296933524908,
    "65": -73.55688295419947,
    "66": -78.47395522191468,
    "67": -73.63011366888065,
    "68": -70.65150223721447,
    "69": -67.73628490204754,
    "70": -84.10642640295538,
    "71": -76.1428448961423,
    "72": -81.90370230120769,
    "73": -82.86893276024455,
    "74": -85.18617174226544,
    "75": -82.915883316404,
    "76": -71.35949784238628,
    "77": -88.06541938301292,
    "78": -74.97216301083435,
    "79": -84.0708269392405,
    "80": -74.30743868944143,
    "81": -78.5111070734245,
    "82": -73.59774486611312,
    "83": -77.05854260705227,
    "84": -89.49715583484881,
    "85": -77.89550793689472,
    "86": -73.88485809603839,
    "87": -78.87856953055177,
    "88": -86.63769176713726,
    "89": -80.99790004526096,
    "90": -77.04836114259437,
    "91": -78.40822965780684,
    "92": -75.3490116056942,
    "93": -80.98421786052161,
    "94": -78.72084276684349,
    "95": -68.47276934306173,
    "96": -82.03664153274873,
    "97": -78.34029760265221,
    "98": -73.24900279047138,
    "99": -82.28545157641864,
    "100": -69.56815175046428,
    "101": -79.42758755669763,
    "102": -73.83009645809936,
    "103": -80.60310263177372,
    "104": -71.63311134460628,
    "105": -69.15629799401965,
    "106": -73.342474660196,
    "107": -69.2162499751,
    "108": -69.56199754234157,
    "109": -72.17316342402547,
    "110": -73.12164709697437,
    "111": -69.5800282166268,
    "112": -74.4513947400923,
    "113": -75.61350275994458,
    "114": -74.48998316090761,
    "115": -70.26801586104978,
    "116": -79.23487558585254,
    "117": -76.07303989174486,
    "118": -70.60587271553179,
    "119": -77.89560055912926,
    "120": -83.3650440656264,
    "121": -65.22481324578811,
    "122": -78.1162080118003,
    "123": -73.36570273717913,
    "124": -75.51974910499872,
    "125": -70.74001655426031,
    "126": -73.17095301566755,
    "127": -68.13500638535855,
    "128": -79.0996876395757,
    "129": -71.31867077720037,
    "130": -74.72526994799024,
    "131": -73.76960085000343,
    "132": -70.53568660303914,
    "133": -74.593706552789,
    "134": -69.03991078883212,
    "135": -78.92492513352963,
    "136": -72.1564845400599,
    "137": -76.19791428442595,
    "138": -79.43565108771104,
    "139": -68.657770149139,
    "140": -73.73506042767113,
    "141": -70.54782869072275,
    "142": -77.22533879930538,
    "143": -72.33019383496146,
    "144": -83.17991371812434,
    "145": -67.62724650751562,
    "146": -72.45643199903971,
    "147": -64.34247463861267,
    "148": -76.0837536275148,
    "149": -79.44529135231721
}