{
    "0": -190.41535717451774,
    "1": -183.97371361296086,
    "2": -159.22367568393784,
    "3": -158.1459322065915,
    "4": -167.1963819790302,
    "5": -167.6375964320224,
    "6": -162.70952453605412,
    "7": -146.33777547007992,
    "8": -134.93402867113434,
    "9": -165.9420535512055,
    "10": -153.62568289944102,
    "11": -139.89743776280469,
    "12": -133.97280299944558,
    "13": -135.59924985395213,
    "14": -136.32032073216166,
    "15": -120.00051098054931,
    "16": -125.38593767720121,
    "17": -117.73581564960797,
    "18": -128.48767158701452,
    "19": -118.0579488121198,
    "20": -113.58580782939032,
    "21": -123.22863561280501,
    "22": -115.8562142455488,
    "23": -98.9560703833607,
    "24": -114.3964051979181,
    "25": -106.55126735092432,
    "26": -101.80907472346121,
    "27": -111.73929411945024,
    "28": -101.9389604022249,
    "29": -110.75499241611872,
    "30": -92.31180548813174,
    "31": -99.1408515830967,
    "32": -100.62693214725698,
    "33": -86.57694223671737,
    "34": -95.43068039507656,
    "35": -97.55555221857777,
    "36": -87.55263240987198,
    "37": -86.35407972739205,
    "38": -85.75196343891224,
    "39": -86.34212674132343,
    "40": -96.1640592320702,
    "41": -72.98055704750246,
    "42": -90.13216836134406,
    "43": -80.8878855863321,
    "44": -85.00562286526704,
    "45": -87.9225005190667,
    "46": -94.34945134563922,
    "47": -78.743504891687,
    "48": -85.75170928149167,
    "49": -84.4452926269765,
    "50": -82.20464006993421,
    "51": -78.63195894829643,
    "52": -91.25367071244415,
    "53": -81.57458750923806,
    "54": -76.47909559791704,
    "55": -82.48563639685486,
    "56": -82.93041958834284,
    "57": -70.81980438718742,
    "58": -86.82769219747648,
    "59": -77.10357287512521,
    "60": -81.55976329163119,
    "61": -72.61301793645724,
    "62": -81.44915296475767,
    "63": -76.19598255959797,
    "64": -78.11361934294858,
    "65": -73.7568939238983,
    "66": -78.4781465321148,
    "67": -70.9544866202118,
    "68": -75.65792567199338,
    "69": -80.2318794142568,
    "70": -80.75095133667675,
    "71": -64.42899733284122,
    "72": -78.76535173556327,
    "73": -76.75680289275671,
    "74": -74.7306826118501,
    "75": -69.11001382430847,
    "76": -85.41293608203188,
    "77": -76.49942159539813,
    "78": -70.49183850586726,
    "79": -70.59412753126391,
    "80": -70.46346800665579,
    "81": -66.90497960825542,
    "82": -73.25067494133759,
    "83": -72.36830109806264,
    "84": -75.86909302945067,
    "85": -70.10248179370365,
    "86": -77.55807324325713,
    "87": -75.79150014210903,
    "88": -79.73729674875848,
    "89": -74.99540281792531,
    "90": -71.99522103542897,
    "91": -68.7972333182248,
    "92": -77.71188565897955,
    "93": -73.35788131017051,
    "94": -72.38733916098246,
    "95": -79.95673179203085,
    "96": -67.6004033581943,
    "97": -68.83874317788506,
    "98": -68.27764842774776,
    "99": -62.60042815996443,
    "100": -69.55009422096379,
    "101": -75.51764618423948,
    "102": -75.85559214554776,
    "103": -74.12208074035799,
    "104": -69.57760527457226,
    "105": -71.10323094866922,
    "106": -76.14465003672443,
    "107": -74.9013864480413,
    "108": -67.95636606371883,
    "109": -67.27084826131856,
    "110": -66.0014123462671,
    "111": -71.56124833468337,
    "112": -72.94498476496368,
    "113": -71.4746245239434,
    "114": -70.35144882588988,
    "115": -69.67092828602138,
    "116": -75.35695958405857,
    "117": -76.57963766431058,
    "118": -67.66742608997129,
    "119": -68.31539620974304,
    "120": -78.21341496478634,
    "121": -72.8020752817229,
    "122": -65.19051297727765,
    "123": -64.26549382580386,
    "124": -64.51564527417428,
    "125": -71.95211564937664,
    "126": -66.49961257989709,
    "127": -83.25558325788084,
    "128": -68.59539022567391,
    "129": -72.4324316498045,
    "130": -63.654589707095475,
    "131": -78.17274028343792,
    "132": -67.0179953569756,
    "133": -69.01357822332938,
    "134": -67.18072557279336,
    "135": -66.90078270380619,
    "136": -71.32593484142538,
    "137": -62.100374446632124,
    "138": -72.29698242933577,
    "139": -73.56283451169331,
    "140": -67.53180731188698,
    "141": -63.93313962817762,
    "142": -70.45708613933982,
    "143": -69.24993670787948,
    "144": -68.9197361112102,
    "145": -66.98807789423269,
    "146": -73.2844492090248,
    "147": -76.93374058402537,
    "148": -68.54666034177541,
    "149": -63.08382963497438
}