{
    "0": -291.5734127908761,
    "1": -261.5281385230779,
    "2": -251.90846062416307,
    "3": -257.68379371767526,
    "4": -262.2960910286684,
    "5": -241.25318017960996,
    "6": -242.47666173213676,
    "7": -251.82516295353938,
    "8": -222.04667792679234,
    "9": -218.09419205046711,
    "10": -214.48111471168104,
    "11": -229.6077768349467,
    "12": -206.6675507566344,
    "13": -192.57736218007244,
    "14": -206.92492355996603,
    "15": -200.1168020085613,
    "16": -194.76245870999645,
    "17": -209.33153365383174,
    "18": -164.2517515389454,
    "19": -183.75639649184683,
    "20": -193.32205423352218,
    "21": -177.4272553612061,
    "22": -181.68033089869274,
    "23": -159.56715696792764,
    "24": -171.43506198024224,
    "25": -156.19743360755749,
    "26": -154.37001696629696,
    "27": -166.77242932760308,
    "28": -152.30550425442988,
    "29": -143.54683476622967,
    "30": -141.59788434069432,
    "31": -153.25979344071993,
    "32": -158.47999270731526,
    "33": -151.84132597474616,
    "34": -164.9065377873832,
    "35": -148.46235926286855,
    "36": -150.33482527528386,
    "37": -127.2707185184431,
    "38": -133.5435648493316,
    "39": -142.40527494765388,
    "40": -152.6352330758732,
    "41": -147.58075994866005,
    "42": -144.85735700557458,
    "43": -111.23976985182665,
    "44": -136.92157948258145,
    "45": -140.85767297846624,
    "46": -155.5978443259674,
    "47": -129.76890029744095,
    "48": -121.82073584408094,
    "49": -138.52998023061807,
    "50": -132.08052880393228,
    "51": -143.35879200497678,
    "52": -144.74155873568372,
    "53": -139.2281183835313,
    "54": -124.25479444077254,
    "55": -141.46246286714225,
    "56": -141.3340564297687,
    "57": -126.5828734672972,
    "58": -133.43797102172022,
    "59": -143.2932771077001,
    "60": -118.20504756021768,
    "61": -138.93053958039982,
    "62": -113.21587516834695,
    "63": -129.96764123839688,
    "64": -128.8456343462199,
    "65": -123.47994114186044,
    "66": -133.24592241471507,
    "67": -118.12497325413719,
    "68": -131.5097718217958,
    "69": -132.78653878520734,
    "70": -118.92268595998833,
    "71": -130.006048644827,
    "72": -130.30389439619614,
    "73": -135.26623590342413,
    "74": -111.68613584256923,
    "75": -117.16226102480375,
    "76": -117.02427727509126,
    "77": -125.7553695629281,
    "78": -139.8166642037414,
    "79": -119.08537441361548,
    "80": -131.96384954232482,
    "81": -110.8619076239049,
    "82": -123.35129048043997,
    "83": -123.04328987769777,
    "84": -131.17694501233507,
    "85": -135.30739327292466,
    "86": -120.85172855532898,
    "87": -118.6841131206359,
    "88": -116.35474112077623,
    "89": -111.3801414934599,
    "90": -116.03414744840347,
    "91": -118.87740337116088,
    "92": -126.78225442197328,
    "93": -112.4663532471153,
    "94": -119.65963425119278,
    "95": -124.55102878318371,
    "96": -108.26138499995072,
    "97": -120.8616580257371,
    "98": -115.88380548293529,
    "99": -114.52963484472198,
    "100": -110.4873812246644,
    "101": -129.0383496002484,
    "102": -122.88495477086646,
    "103": -110.86122786589605,
    "104": -106.50927050945718,
    "105": -138.4888073142141,
    "106": -111.17411332720472,
    "107": -125.18267639751078,
    "108": -110.68857997179904,
    "109": -120.80871962946424
}