{
    "0": -2436.178602641062,
    "1": -2385.061729214634,
    "2": -2335.2780005460295,
    "3": -2218.8436523980745,
    "4": -2223.550276733753,
    "5": -2194.1596225524786,
    "6": -2024.8807532632106,
    "7": -2037.0449513723331,
    "8": -2021.901644698717,
    "9": -1927.0408309614086,
    "10": -1937.6201447832357,
    "11": -1910.405143566844,
    "12": -1800.4950014208077,
    "13": -1823.2650170712868,
    "14": -1736.472160951951,
    "15": -1743.9108178155466,
    "16": -1731.2911965147864,
    "17": -1623.6100172442264,
    "18": -1605.3590440456653,
    "19": -1587.519456837575,
    "20": -1511.5264231158544,
    "21": -1551.3388759353131,
    "22": -1506.4276844570816,
    "23": -1511.279514469643,
    "24": -1471.511833139418,
    "25": -1474.472268618806,
    "26": -1428.6335422099996,
    "27": -1399.1481514492004,
    "28": -1391.9406508076638,
    "29": -1389.9348015001608,
    "30": -1425.3927302761047,
    "31": -1351.9318275076616,
    "32": -1294.246036362797,
    "33": -1337.0095173256568,
    "34": -1309.296310017019,
    "35": -1326.4529885561458,
    "36": -1214.4235535764724,
    "37": -1250.5448236521913,
    "38": -1272.52063553456,
    "39": -1243.512526271297,
    "40": -1223.5164613689067,
    "41": -1248.3092417571754,
    "42": -1273.2313369046708,
    "43": -1208.2994367438212,
    "44": -1174.3170370633816,
    "45": -1210.3674532536256,
    "46": -1150.294255445464,
    "47": -1176.6714474486391,
    "48": -1176.7689195679293,
    "49": -1140.0233671509147,
    "50": -1123.7453450922526,
    "51": -1179.066219674713,
    "52": -1188.9841809675825,
    "53": -1133.2224749977147,
    "54": -1155.8293406225357,
    "55": -1129.8961103232136,
    "56": -1188.4372488609642,
    "57": -1119.4875486945257,
    "58": -1119.4916088471657,
    "59": -1139.368935697166,
    "60": -1103.9973872189053,
    "61": -1113.7031964533835,
    "62": -1123.9299604262233,
    "63": -1128.1877725320835,
    "64": -1145.749731920115,
    "65": -1095.9117700105164,
    "66": -1047.1157786545168,
    "67": -1066.3603377804336,
    "68": -1046.4020319866327,
    "69": -1116.659796784822,
    "70": -1051.91651679941,
    "71": -1112.5586938326196,
    "72": -1073.4787818754405,
    "73": -1079.7058475191784,
    "74": -1101.9582595748439,
    "75": -1047.2494951034064,
    "76": -1079.13951671693,
    "77": -1073.8016224068408,
    "78": -1076.2563632855856,
    "79": -1077.738169989219,
    "80": -1076.3577185092904,
    "81": -1070.8646746111076,
    "82": -1071.8238443957425,
    "83": -1055.4179450540246,
    "84": -1071.8213368912582,
    "85": -1098.5945972882926,
    "86": -1046.54993365237,
    "87": -1065.2482480009237,
    "88": -1069.776444705837,
    "89": -1099.8962343058536,
    "90": -1073.4576133702649,
    "91": -1063.3872817699967,
    "92": -1069.346187410423,
    "93": -1045.1500265208413,
    "94": -1088.8184076059104,
    "95": -1039.1043987808255,
    "96": -1049.8679221900309,
    "97": -1101.9780818238078,
    "98": -1064.899248776059,
    "99": -1084.306731869884
}