{
    "0": -157.37257846430728,
    "1": -146.71169762307738,
    "2": -141.8025191407185,
    "3": -126.80231268984213,
    "4": -133.38123837793006,
    "5": -134.84625240607883,
    "6": -120.8639100557803,
    "7": -123.11558535891413,
    "8": -127.41024262676912,
    "9": -127.84680627636249,
    "10": -109.06640963920148,
    "11": -111.225089958726,
    "12": -105.23628133051028,
    "13": -94.42972780828804,
    "14": -100.6983137946195,
    "15": -106.24750172053413,
    "16": -89.60271428333645,
    "17": -91.61513329188487,
    "18": -88.77589867839654,
    "19": -80.84389805437776,
    "20": -89.7348536069155,
    "21": -73.25707437113302,
    "22": -80.6979277805543,
    "23": -94.02349696234954,
    "24": -70.61470787128111,
    "25": -77.93541922065893,
    "26": -77.84793291592186,
    "27": -64.44666124182174,
    "28": -70.82243113987651,
    "29": -84.66298367228164,
    "30": -73.29359146302382,
    "31": -72.71410475167204,
    "32": -77.30538129601982,
    "33": -72.41932960767028,
    "34": -65.26345368945735,
    "35": -63.6146066783274,
    "36": -64.85369547339002,
    "37": -75.72764093335311,
    "38": -58.03332214530904,
    "39": -56.973867384396755,
    "40": -60.6752533642759,
    "41": -58.33270153005303,
    "42": -57.05974402651623,
    "43": -67.53730358738251,
    "44": -62.53229424117653,
    "45": -64.40035976063649,
    "46": -52.39685004493941,
    "47": -60.54419720672189,
    "48": -63.5584546489568,
    "49": -58.322198063253495,
    "50": -68.58034326615542,
    "51": -48.39694983315774,
    "52": -62.021749710186924,
    "53": -50.5174355363179,
    "54": -51.801727540689555,
    "55": -48.88405320310784,
    "56": -60.80595290645838,
    "57": -47.050025315344705,
    "58": -55.77554250653064,
    "59": -56.32370661296886,
    "60": -51.703793205999375,
    "61": -45.67130659116199,
    "62": -54.020474917850905,
    "63": -48.75862216234426,
    "64": -49.43854085063417,
    "65": -45.39533494272669,
    "66": -48.395595694373924,
    "67": -49.45889047066805,
    "68": -47.99750668449182,
    "69": -45.84263126377521,
    "70": -60.00717090199691,
    "71": -47.35600727802811,
    "72": -50.40256692315281,
    "73": -52.46878259622247,
    "74": -50.51407766759503,
    "75": -49.83760914259416,
    "76": -48.20013401365638,
    "77": -58.82482505619533,
    "78": -51.753497151052365,
    "79": -55.1232332113694,
    "80": -47.51585429786666,
    "81": -47.96648097931639,
    "82": -50.828452238476785,
    "83": -48.517683407870784,
    "84": -48.2396204767191,
    "85": -40.91895539674429,
    "86": -42.44347281663049,
    "87": -40.681892166212826,
    "88": -52.510290818208745,
    "89": -40.0689761056317,
    "90": -36.835333983143215,
    "91": -42.01564073242625,
    "92": -47.43699395314655,
    "93": -48.508778394149715,
    "94": -49.92047026502026,
    "95": -42.84321423888196,
    "96": -41.62904775413493,
    "97": -53.71282723502512,
    "98": -43.2235747311671,
    "99": -42.109712441711764
}