{
    "0": -103.29050761615214,
    "1": -107.46976189295268,
    "2": -109.24476178582138,
    "3": -94.97611628418095,
    "4": -74.24369602185618,
    "5": -89.56434760046992,
    "6": -84.8350685513679,
    "7": -96.64175158317413,
    "8": -75.0233918413754,
    "9": -75.08404958315647,
    "10": -77.60730201798351,
    "11": -66.86492344235654,
    "12": -67.83513433335443,
    "13": -70.471223899855,
    "14": -68.63765864254401,
    "15": -75.88093251640787,
    "16": -68.32167952913805,
    "17": -75.05869164317278,
    "18": -57.39019875822834,
    "19": -66.05282663241624,
    "20": -58.56559868581174,
    "21": -58.30223670069502,
    "22": -70.68334148754903,
    "23": -55.87187036248529,
    "24": -45.383980253558576,
    "25": -54.10524016091462,
    "26": -58.96085968247875,
    "27": -55.144246704923866,
    "28": -49.66942279708505,
    "29": -48.077895118956945,
    "30": -44.52007598700762,
    "31": -37.10951474099134,
    "32": -36.043197911552376,
    "33": -46.99968680566294,
    "34": -38.63782963990615,
    "35": -46.68598145991196,
    "36": -45.504657039036125,
    "37": -45.623574059912976,
    "38": -39.75857995565743,
    "39": -38.34789601253495,
    "40": -42.56502002125035,
    "41": -44.28093328451948,
    "42": -40.84075219859051,
    "43": -44.51523365993185,
    "44": -42.14986456137943,
    "45": -26.150626291732816,
    "46": -36.63356763765779,
    "47": -31.343167335175618,
    "48": -34.35305472668489,
    "49": -47.31698085532502,
    "50": -45.55529925134653,
    "51": -30.710363376417178,
    "52": -41.11465025565948,
    "53": -43.07372199815324,
    "54": -33.67447301150669,
    "55": -28.389018153419414,
    "56": -35.34809719209773,
    "57": -34.591863872451995,
    "58": -24.34877288152702,
    "59": -42.10903786026786,
    "60": -30.52017746897849,
    "61": -33.91288945450917,
    "62": -33.1724317766073,
    "63": -36.91212917079149,
    "64": -28.78164106775361,
    "65": -33.55053371670167,
    "66": -35.520087881939666,
    "67": -34.110288495510915,
    "68": -31.46576523246768,
    "69": -26.7175868838684,
    "70": -30.520178906407935,
    "71": -30.14500989096111,
    "72": -34.70967165113291,
    "73": -23.912890892494687,
    "74": -31.82550606221569,
    "75": -33.67448439957718,
    "76": -31.87681395048818,
    "77": -28.110379325188376,
    "78": -33.948680278759355,
    "79": -21.592136259600327,
    "80": -28.979876556280644,
    "81": -27.94866968749041,
    "82": -30.114548898555547,
    "83": -31.146350078425417,
    "84": -36.383983320577556,
    "85": -28.384641957712006,
    "86": -36.91279699158022,
    "87": -34.34877262131515,
    "88": -30.948758591462898,
    "89": -31.744997722499555,
    "90": -27.216850437940007,
    "91": -30.399343426684997,
    "92": -30.223138747755698,
    "93": -27.59204546448608,
    "94": -32.55616383618564,
    "95": -41.82983408874911,
    "96": -26.281024045760525,
    "97": -28.587100213501472,
    "98": -31.38970257994981,
    "99": -25.834568835144147
}