{
    "0": -165.2970527908591,
    "1": -170.9153450488928,
    "2": -153.2121000743624,
    "3": -124.71814244877183,
    "4": -149.79469968999882,
    "5": -132.5907561444805,
    "6": -117.60825034440897,
    "7": -132.07283467862123,
    "8": -130.85454394026857,
    "9": -115.44425062556607,
    "10": -117.44095606275937,
    "11": -110.10644072910836,
    "12": -100.99350903541759,
    "13": -112.35681323479652,
    "14": -108.91398819648983,
    "15": -105.38300481657274,
    "16": -101.3094172957838,
    "17": -100.23547221884408,
    "18": -94.67847451728437,
    "19": -89.13129380735998,
    "20": -88.67241281587678,
    "21": -87.06726305294357,
    "22": -91.06909032569197,
    "23": -86.96791968982727,
    "24": -88.51172565426421,
    "25": -80.83255098805658,
    "26": -83.4443867931569,
    "27": -85.1539882191554,
    "28": -89.53577438200684,
    "29": -70.77248043215657,
    "30": -69.78092207748028,
    "31": -72.61502916489499,
    "32": -73.00931960120973,
    "33": -63.97575282395173,
    "34": -64.09688890716072,
    "35": -75.63631128013255,
    "36": -69.87541098074195,
    "37": -66.10771035834586,
    "38": -58.45900774512187,
    "39": -74.35222459456246,
    "40": -61.185609650846935,
    "41": -60.3192791570734,
    "42": -64.78443245197116,
    "43": -70.57404541489855,
    "44": -61.071492108609945,
    "45": -61.261327662297035,
    "46": -63.733140402593364,
    "47": -56.15007843717085,
    "48": -57.500234872565706,
    "49": -73.83549189132981,
    "50": -67.28642520828345,
    "51": -59.93594121163326,
    "52": -60.44389307695595,
    "53": -62.96584713060364,
    "54": -63.34135700003299,
    "55": -54.94268821040586,
    "56": -64.37595134899668,
    "57": -61.78049935712227,
    "58": -54.41228820389011,
    "59": -62.28715590391772,
    "60": -65.47349147010249,
    "61": -65.52491515203303,
    "62": -65.84630104784881,
    "63": -60.48265634095793,
    "64": -49.13849029772353,
    "65": -51.00740929252133,
    "66": -51.12574158021993,
    "67": -47.606659979605105,
    "68": -50.44809132495197,
    "69": -51.64952543324319,
    "70": -48.63340213776497,
    "71": -51.395844652751634,
    "72": -46.809898399806066,
    "73": -53.12639105203422,
    "74": -48.079868037677436,
    "75": -54.44321062575422,
    "76": -45.9030272162823,
    "77": -53.42963633628006,
    "78": -44.64396336936859,
    "79": -48.17312295078129,
    "80": -48.63921177722775,
    "81": -54.76228127191884,
    "82": -47.56137882876081,
    "83": -49.90779038997382,
    "84": -51.43397851309599,
    "85": -49.73798994011998,
    "86": -53.608179805592066,
    "87": -56.19138869707748,
    "88": -49.97070155953522,
    "89": -50.03910856978501,
    "90": -48.310550328354665,
    "91": -45.880658564420706,
    "92": -45.94257913044649,
    "93": -49.36483328463721,
    "94": -47.462098529533506,
    "95": -48.24960191628697,
    "96": -51.95920202572292,
    "97": -59.74928503647177,
    "98": -57.59266280186832,
    "99": -47.47138501329386
}