{
    "0": -94.73298813003561,
    "1": -94.22053357355142,
    "2": -86.80469535144027,
    "3": -75.21954375226258,
    "4": -97.55977579011982,
    "5": -81.15238231452034,
    "6": -65.57888434185371,
    "7": -67.16654823672712,
    "8": -69.92840207528593,
    "9": -61.929071363502445,
    "10": -60.79036398323668,
    "11": -61.31807661835227,
    "12": -56.21954389502648,
    "13": -52.64974943424068,
    "14": -58.24497361720421,
    "15": -54.60235564141321,
    "16": -58.651078654252146,
    "17": -44.63775193426817,
    "18": -60.96011073568381,
    "19": -48.104664105532606,
    "20": -41.487062325104056,
    "21": -48.595716040310506,
    "22": -45.70969980606769,
    "23": -50.66680647935893,
    "24": -45.87558119514481,
    "25": -39.63305568559766,
    "26": -41.53578221973335,
    "27": -54.26147103754049,
    "28": -46.109735375836976,
    "29": -42.39023104087867,
    "30": -42.98515966465579,
    "31": -37.937689451949105,
    "32": -36.264096895897566,
    "33": -40.36447713121813,
    "34": -40.46138933214802,
    "35": -39.86708259520769,
    "36": -35.906777421656884,
    "37": -35.62386046476633,
    "38": -32.263489343621664,
    "39": -33.07316011726271,
    "40": -35.869723635732775,
    "41": -35.533606756855995,
    "42": -37.71323339104124,
    "43": -43.44351544290715,
    "44": -40.77671031444295,
    "45": -34.835412451826855,
    "46": -40.574707338290175,
    "47": -33.8355136864889,
    "48": -42.27139561346619,
    "49": -41.50286252441467,
    "50": -40.86645192180452,
    "51": -31.01023854698586,
    "52": -34.69018978294888,
    "53": -34.29521509037995,
    "54": -38.61661446804365,
    "55": -40.36821482220612,
    "56": -33.52724185920169,
    "57": -35.84428958792428,
    "58": -37.89519916319347,
    "59": -29.16956847319006,
    "60": -33.17023939431169,
    "61": -37.28774190653535,
    "62": -33.09275522367366,
    "63": -30.33183366371502,
    "64": -32.52849409609885,
    "65": -35.989525007712125,
    "66": -29.966386036031217,
    "67": -36.61577446506578,
    "68": -41.011501466933076,
    "69": -33.97444628103276,
    "70": -26.165396981322264,
    "71": -36.4065354687508,
    "72": -31.44505264186142,
    "73": -31.015274784591266,
    "74": -34.41912459727759,
    "75": -30.49746672836134,
    "76": -28.68857303526767,
    "77": -27.37268510679274,
    "78": -32.65174854819685,
    "79": -23.444629726326475,
    "80": -38.497440679161414,
    "81": -33.05747805373793,
    "82": -41.81268228423687,
    "83": -29.729385953880065,
    "84": -30.72948900804551,
    "85": -32.6462356511272,
    "86": -30.85435127600061,
    "87": -30.931160966646285,
    "88": -28.89520271907657,
    "89": -37.11868033903962,
    "90": -41.07573971754362,
    "91": -28.808643628452288,
    "92": -27.336712436093812,
    "93": -27.96723503210461,
    "94": -32.12379491831548,
    "95": -35.164584924379334,
    "96": -29.610392127450925,
    "97": -31.806880547600507,
    "98": -30.448747504338247,
    "99": -31.295857918236646
}