{
    "0": -164.29439298511937,
    "1": -156.09183860489549,
    "2": -145.47750537506747,
    "3": -135.7133360102285,
    "4": -142.96003301657922,
    "5": -129.5885554687851,
    "6": -123.5702968584274,
    "7": -124.78595015979644,
    "8": -129.54802750216277,
    "9": -141.0227720734248,
    "10": -93.1361672774319,
    "11": -107.70296172056811,
    "12": -100.73487964779252,
    "13": -113.04453062951826,
    "14": -107.09585972318352,
    "15": -89.74101708199882,
    "16": -110.82700483041745,
    "17": -95.99728354126943,
    "18": -82.85874758561705,
    "19": -81.41925158105022,
    "20": -91.144521097521,
    "21": -91.71915483330456,
    "22": -74.43901808084134,
    "23": -79.50043960210922,
    "24": -73.89310227127841,
    "25": -74.48278731931529,
    "26": -73.50955347859986,
    "27": -74.05369737826496,
    "28": -72.49596929293752,
    "29": -58.53149588012898,
    "30": -63.13278188928406,
    "31": -56.036347746011735,
    "32": -76.12959910026491,
    "33": -90.53548252946909,
    "34": -70.53289903415606,
    "35": -68.88508061573421,
    "36": -63.17367590938638,
    "37": -66.81630464795036,
    "38": -62.805318845528305,
    "39": -71.22183717325888,
    "40": -55.32975756824995,
    "41": -67.36642398718523,
    "42": -55.878528298459194,
    "43": -65.13168965452373,
    "44": -51.07673753492666,
    "45": -66.2047278460721,
    "46": -60.118195373127314,
    "47": -49.87741148420386,
    "48": -62.49194258825795,
    "49": -64.26199670412726,
    "50": -57.33527186462081,
    "51": -55.69153363072619,
    "52": -56.01453704479896,
    "53": -53.45370937988044,
    "54": -58.355827657831625,
    "55": -52.33520635125117,
    "56": -48.964650469450476,
    "57": -49.368334076254826,
    "58": -52.915249866200895,
    "59": -42.52582183419124,
    "60": -49.13167742312474,
    "61": -59.76220497833456,
    "62": -37.799452584016535,
    "63": -46.75727029996935,
    "64": -50.302239757636784,
    "65": -45.831148759702195,
    "66": -57.11684190910403,
    "67": -51.991040139054284,
    "68": -47.83539872961277,
    "69": -49.200135650288864,
    "70": -53.88282575870416,
    "71": -50.46033302205734,
    "72": -51.46943934515362,
    "73": -49.35369736198707,
    "74": -47.47936650717712,
    "75": -48.07676588724719,
    "76": -53.524892728583445,
    "77": -42.73529266320317,
    "78": -49.92573988436771,
    "79": -51.44690735056728,
    "80": -53.380408369956655,
    "81": -49.869304868206186,
    "82": -47.66405872804607,
    "83": -45.02662630985166,
    "84": -47.830464082256434,
    "85": -44.21764034432066,
    "86": -43.10551451078873,
    "87": -42.457400895541,
    "88": -48.06695011492282,
    "89": -47.069383698492736,
    "90": -46.431305443657635,
    "91": -51.9553400723254,
    "92": -47.7939149155712,
    "93": -47.49821593489327,
    "94": -50.59632221933198,
    "95": -47.027283279557025,
    "96": -45.98407813863531,
    "97": -47.91843079655086,
    "98": -36.145852082035056,
    "99": -48.66819021468822
}