{
    "0": -159.2649973898478,
    "1": -154.3635942954217,
    "2": -139.63703954128795,
    "3": -155.38988004717194,
    "4": -139.76410043492203,
    "5": -126.79339167574783,
    "6": -129.1469662552544,
    "7": -119.7571934996521,
    "8": -128.58970759301917,
    "9": -107.83837898667085,
    "10": -108.08465845206558,
    "11": -106.57896611902696,
    "12": -109.93020093930954,
    "13": -102.91549675169681,
    "14": -100.4466417040508,
    "15": -99.6170513248753,
    "16": -86.5420085748976,
    "17": -87.76792459451055,
    "18": -83.49480034951335,
    "19": -99.78435751275735,
    "20": -75.01271116616581,
    "21": -74.37551734034724,
    "22": -76.60396485603214,
    "23": -70.3232174122163,
    "24": -87.26032455158655,
    "25": -76.05478729776436,
    "26": -84.24789410312849,
    "27": -62.853087731185525,
    "28": -77.88556451627792,
    "29": -62.911949815073655,
    "30": -73.53342744640283,
    "31": -63.27904185169039,
    "32": -69.8464900907869,
    "33": -64.96028106532184,
    "34": -62.71681713179662,
    "35": -65.2040591293538,
    "36": -57.245815331167066,
    "37": -65.76565009176363,
    "38": -60.40256548562904,
    "39": -73.41697373935874,
    "40": -69.9893396903587,
    "41": -60.89805918541222,
    "42": -62.8637662809856,
    "43": -55.02792936799256,
    "44": -48.6408824550652,
    "45": -53.429163051125904,
    "46": -50.65211587396357,
    "47": -62.427295650424576,
    "48": -52.79447895017866,
    "49": -52.79207062941373,
    "50": -55.75861009486756,
    "51": -50.15123109368602,
    "52": -45.72330834426058,
    "53": -53.43283448937142,
    "54": -51.98276004721415,
    "55": -48.99064131035052,
    "56": -64.7881157185879,
    "57": -46.24029162132334,
    "58": -53.50057996689331,
    "59": -49.079784610777295,
    "60": -51.72312820830801,
    "61": -51.60722772898754,
    "62": -42.70074031597286,
    "63": -45.54459102641087,
    "64": -51.22610223212292,
    "65": -45.426271095680875,
    "66": -41.71543141931392,
    "67": -46.98464428273443,
    "68": -45.50552693416741,
    "69": -47.09069128465547,
    "70": -47.23467423375827,
    "71": -43.6647645734906,
    "72": -45.86711058469743,
    "73": -48.34392035896391,
    "74": -47.549536112149745,
    "75": -46.50192308683766,
    "76": -53.934095490789524,
    "77": -39.989694081579984,
    "78": -52.7943257157032,
    "79": -51.44151768219666,
    "80": -41.47197721441147,
    "81": -46.21393178987487,
    "82": -49.90291280582806,
    "83": -44.218814142854185,
    "84": -47.948116344494274,
    "85": -42.42996426464188,
    "86": -45.871486323165996,
    "87": -41.574870720396625,
    "88": -47.43111113701252,
    "89": -60.187164977744125,
    "90": -42.05975490733969,
    "91": -48.45673062306315,
    "92": -48.549368441534526,
    "93": -44.83113481241941,
    "94": -41.74023622052947,
    "95": -52.78241638607176,
    "96": -44.855021746500775,
    "97": -44.78224749747587,
    "98": -49.6689377294651,
    "99": -44.62131190439219
}