{
    "0": -150.89242440184083,
    "1": -150.6499014524041,
    "2": -153.96834967623022,
    "3": -136.40765268696887,
    "4": -126.46959968554,
    "5": -131.89485107080333,
    "6": -126.0033487488125,
    "7": -132.37377085470325,
    "8": -135.34921613926178,
    "9": -110.542843784774,
    "10": -115.13250398821584,
    "11": -127.52456097178944,
    "12": -95.18568126453468,
    "13": -112.78562608060419,
    "14": -102.54223028102236,
    "15": -104.46278840616944,
    "16": -100.73501042850809,
    "17": -86.75553776587036,
    "18": -100.89782385530206,
    "19": -115.57915979843445,
    "20": -96.43390975838021,
    "21": -91.11607008269077,
    "22": -95.78927602058106,
    "23": -96.98698453418042,
    "24": -77.89378148705214,
    "25": -87.28223714493566,
    "26": -78.29371918000137,
    "27": -76.61463246832488,
    "28": -84.01922570845915,
    "29": -81.62511539312136,
    "30": -77.17882734607821,
    "31": -79.79480313866763,
    "32": -72.05539203808777,
    "33": -66.06596531948739,
    "34": -78.45079105879664,
    "35": -71.62920832786695,
    "36": -86.5164068587762,
    "37": -78.34142670085158,
    "38": -71.96659933679605,
    "39": -75.30292642448946,
    "40": -68.82689044759874,
    "41": -72.8435676045179,
    "42": -68.97646694686614,
    "43": -66.7352968102113,
    "44": -71.92491819404871,
    "45": -59.54753026798909,
    "46": -65.70359912270382,
    "47": -70.34447343450495,
    "48": -67.58896866272622,
    "49": -58.85875756470972,
    "50": -71.45790375154532,
    "51": -62.34033315787175,
    "52": -61.37992008361355,
    "53": -62.14286743951831,
    "54": -62.85774809358183,
    "55": -68.37622662039746,
    "56": -67.69212753808327,
    "57": -57.545526343580285,
    "58": -68.84505016942137,
    "59": -46.89405931848307,
    "60": -61.61830108702349,
    "61": -57.77489787721149,
    "62": -56.92355095152478,
    "63": -65.4876415367315,
    "64": -65.4884971621145,
    "65": -56.096478695124986,
    "66": -58.65003583015114,
    "67": -55.48423323738462,
    "68": -61.27171665785016,
    "69": -58.358510231043375,
    "70": -57.67473968656478,
    "71": -61.446830063778364,
    "72": -64.66461094108439,
    "73": -50.43575397661709,
    "74": -58.804317681001926,
    "75": -47.44138198647155,
    "76": -50.40103216091947,
    "77": -52.322033083848495,
    "78": -62.410854542343216,
    "79": -53.2923476025137,
    "80": -49.06830403354421,
    "81": -55.82988565903076,
    "82": -54.643813881857824,
    "83": -57.71555571548461,
    "84": -51.92858721921669,
    "85": -59.773720893871264,
    "86": -56.67986793543401,
    "87": -40.7528804167453,
    "88": -45.50419971431876,
    "89": -49.188957692569076,
    "90": -60.05916350229607,
    "91": -51.35669390049185,
    "92": -55.02250890749277,
    "93": -58.95122209041056,
    "94": -55.34552628557252,
    "95": -47.784501216467774,
    "96": -48.99186571463496,
    "97": -49.314501031106,
    "98": -48.276239465666286,
    "99": -46.02684948677489
}