{
    "0": -188.8469364339284,
    "1": -173.3385860355403,
    "2": -145.27741102272327,
    "3": -140.59390308180224,
    "4": -144.71237121145631,
    "5": -139.54589458055491,
    "6": -134.32403260810287,
    "7": -133.42786069719978,
    "8": -122.78050034976852,
    "9": -116.35515414162406,
    "10": -126.06162222402823,
    "11": -123.14624130398902,
    "12": -129.16815660252672,
    "13": -95.43757686885974,
    "14": -117.23042663234237,
    "15": -100.87986772341368,
    "16": -107.0179582887994,
    "17": -97.84181824991248,
    "18": -100.62545237481865,
    "19": -106.22478448207346,
    "20": -94.72852124838478,
    "21": -79.39675729958762,
    "22": -85.70205974373086,
    "23": -92.40348679577534,
    "24": -78.51508025750492,
    "25": -75.95468142709733,
    "26": -71.56213869260665,
    "27": -82.43700579063562,
    "28": -87.50474996102635,
    "29": -83.90041383954248,
    "30": -77.58159973591295,
    "31": -69.98662546077678,
    "32": -77.97244640510159,
    "33": -69.55180236092036,
    "34": -83.27063437294267,
    "35": -72.45342959085775,
    "36": -64.5048564678635,
    "37": -73.64019947169196,
    "38": -57.27500133203232,
    "39": -69.39700514523365,
    "40": -58.78282795233033,
    "41": -59.83780780025218,
    "42": -63.665584459933555,
    "43": -59.98728406728708,
    "44": -50.153640354900745,
    "45": -76.95063032476308,
    "46": -53.46410778821928,
    "47": -49.224939066974386,
    "48": -62.61362477392969,
    "49": -69.74745789921964,
    "50": -62.41017093931082,
    "51": -65.71783524470614,
    "52": -65.74744605696394,
    "53": -45.23062290033823,
    "54": -52.309054137271474,
    "55": -64.01611900941413,
    "56": -56.115576512661434,
    "57": -52.72859744776304,
    "58": -53.70679007062979,
    "59": -49.74332843956037,
    "60": -61.14238530073018,
    "61": -53.332742395875655,
    "62": -60.34392035072971,
    "63": -51.89998957906653,
    "64": -42.94582958218158,
    "65": -46.41638982431066,
    "66": -54.34995973611778,
    "67": -46.53578053152569,
    "68": -48.09512406781572,
    "69": -56.02810930510969,
    "70": -43.815287039768045,
    "71": -48.53537158857811,
    "72": -49.423163947881356,
    "73": -38.57676419178443,
    "74": -42.01778648531019,
    "75": -51.458491907233544,
    "76": -57.146197203932786,
    "77": -50.26584611268602,
    "78": -42.909132760425,
    "79": -60.02754168855931,
    "80": -50.66091469790179,
    "81": -51.54022581875363,
    "82": -56.218810630774406,
    "83": -43.46904266476989,
    "84": -45.028215490419925,
    "85": -44.01704812793865,
    "86": -50.340659715952604,
    "87": -45.83718788948344,
    "88": -53.86762290130199,
    "89": -43.58827478449991,
    "90": -46.50426568663217,
    "91": -45.8567969545667,
    "92": -53.296964081402294,
    "93": -48.976697856435074,
    "94": -48.612222701162466,
    "95": -47.05855801641145,
    "96": -41.410507692171095,
    "97": -41.85613854369648,
    "98": -35.0164701157495,
    "99": -55.60842064373689
}