{
    "0": -194.5064596352069,
    "1": -166.54279384341544,
    "2": -174.19590250540443,
    "3": -194.43941437901057,
    "4": -155.0518593899438,
    "5": -165.15360063994328,
    "6": -143.79357105014748,
    "7": -127.86778801879025,
    "8": -142.94025172526648,
    "9": -134.1207791592638,
    "10": -128.0023097386748,
    "11": -138.27382695888025,
    "12": -142.61036245849212,
    "13": -122.01942300264048,
    "14": -126.91700882525512,
    "15": -118.05856875647655,
    "16": -114.8157940184936,
    "17": -103.80038840786438,
    "18": -114.43562717682846,
    "19": -105.26435071279222,
    "20": -101.99341985579355,
    "21": -102.25149719977698,
    "22": -88.79470711422536,
    "23": -94.34553256581208,
    "24": -105.13673780394487,
    "25": -86.08652471882975,
    "26": -88.9132549451733,
    "27": -95.26026098023654,
    "28": -79.17229600493357,
    "29": -84.76192862005067,
    "30": -76.98394870898973,
    "31": -84.0668123936339,
    "32": -86.2435808383274,
    "33": -85.94254068161793,
    "34": -90.74240593693345,
    "35": -66.52307365183094,
    "36": -82.12469486791787,
    "37": -70.7225861882341,
    "38": -73.11450412246917,
    "39": -88.62338089418326,
    "40": -73.23780678323992,
    "41": -74.39382498928785,
    "42": -68.83944377813704,
    "43": -77.10746918079025,
    "44": -71.52625922511821,
    "45": -77.43352845899027,
    "46": -59.858484977099366,
    "47": -77.97184988589036,
    "48": -66.65598392293323,
    "49": -71.2906712259138,
    "50": -72.82926522866076,
    "51": -67.956739024598,
    "52": -68.22643459873088,
    "53": -57.679038881058915,
    "54": -59.82243430644323,
    "55": -69.13790207982525,
    "56": -70.57840607937582,
    "57": -61.62367990835024,
    "58": -58.356365181844566,
    "59": -66.1482064324642,
    "60": -56.476164885389366,
    "61": -54.89260059242316,
    "62": -62.019342761487756,
    "63": -58.537650179707306,
    "64": -61.629902194293805,
    "65": -58.07561878805706,
    "66": -63.91576602879634,
    "67": -62.56038888875612,
    "68": -58.90417904190947,
    "69": -58.489590073495044,
    "70": -56.07616087707664,
    "71": -56.46999025511627,
    "72": -66.78211970874757,
    "73": -68.15438887517602,
    "74": -67.2453865093485,
    "75": -55.583370279755584,
    "76": -55.60979030691188,
    "77": -47.696994056692574,
    "78": -56.417565343408285,
    "79": -52.380180850845456,
    "80": -54.220851179624034,
    "81": -61.179258266664554,
    "82": -56.05790341716153,
    "83": -55.335230931974735,
    "84": -61.38026569990875,
    "85": -61.30908255589696,
    "86": -54.32608795349412,
    "87": -61.842032261686136,
    "88": -51.666613196083134,
    "89": -52.184788411162074,
    "90": -60.21939440785785,
    "91": -57.46569492672174,
    "92": -58.23158645567269,
    "93": -53.1829331036598,
    "94": -49.25488853461574,
    "95": -54.287761610555144,
    "96": -61.498557737278745,
    "97": -55.30369003307192,
    "98": -53.867123203086905,
    "99": -62.26653437707767
}