{
    "0": -116.35046938867926,
    "1": -117.96614501274061,
    "2": -100.26097269491865,
    "3": -114.92199566090979,
    "4": -104.6166597987416,
    "5": -100.46264916113633,
    "6": -96.5641910223786,
    "7": -88.14247414846017,
    "8": -83.991430467278,
    "9": -79.33446200700544,
    "10": -87.92102144105772,
    "11": -73.53459566340877,
    "12": -77.89760974825862,
    "13": -83.21507902353301,
    "14": -67.09510384809491,
    "15": -72.56639473388465,
    "16": -73.91315635834887,
    "17": -71.9605079746346,
    "18": -69.48803792103502,
    "19": -63.625074628779515,
    "20": -54.58282436875861,
    "21": -53.73226700612968,
    "22": -66.96494914329469,
    "23": -63.57687738592872,
    "24": -57.55658320030163,
    "25": -51.63649841397889,
    "26": -52.61283943553232,
    "27": -56.3534561613031,
    "28": -48.07983750941624,
    "29": -55.52983240011073,
    "30": -62.69635965211122,
    "31": -42.59169267296461,
    "32": -54.16017774906503,
    "33": -46.25031481957184,
    "34": -49.48336670397775,
    "35": -48.84094461401423,
    "36": -48.28218388058373,
    "37": -54.72741098449662,
    "38": -40.96085929800216,
    "39": -55.00527814556258,
    "40": -43.08974233967239,
    "41": -38.732175032692346,
    "42": -52.830290988749404,
    "43": -36.00655434479257,
    "44": -40.11037740255485,
    "45": -36.27682637037518,
    "46": -38.820379215634496,
    "47": -46.87743076807244,
    "48": -40.768161010118924,
    "49": -35.161688871770004,
    "50": -36.1920574441709,
    "51": -39.83530571573691,
    "52": -40.92253376454565,
    "53": -33.88899504884156,
    "54": -43.63841828144385,
    "55": -32.99447702859437,
    "56": -36.16103046111349,
    "57": -33.66885677426482,
    "58": -39.39382036208387,
    "59": -33.63155530776806,
    "60": -42.52983412241283,
    "61": -27.436077735960758,
    "62": -38.03764840448436,
    "63": -27.4482342874958,
    "64": -32.312709635405426,
    "65": -36.28167727326014,
    "66": -29.59759332555,
    "67": -36.87121150503762,
    "68": -26.043379732294124,
    "69": -32.63640976239073,
    "70": -26.43606694588381,
    "71": -29.84093398936592,
    "72": -26.721954140111958,
    "73": -33.436079455256504,
    "74": -30.399331363330422,
    "75": -35.91330177457753,
    "76": -35.632882760428274,
    "77": -34.60092644664763,
    "78": -25.264673178967612,
    "79": -30.31272191963237,
    "80": -26.07868142086676,
    "81": -30.87195953038109,
    "82": -40.6017664242445,
    "83": -34.58474465371254,
    "84": -34.95423150059331,
    "85": -35.27684032881474,
    "86": -31.42483479720512,
    "87": -28.431043192815732,
    "88": -35.431043413688066,
    "89": -27.792715941434597,
    "90": -30.395136953225606,
    "91": -36.978392347927496,
    "92": -35.79932981316421,
    "93": -37.27982686122938,
    "94": -40.98953009233085,
    "95": -33.263977637674124,
    "96": -34.43826196193863,
    "97": -26.23354272253742,
    "98": -36.030538537816476,
    "99": -29.233632080288928
}