{
    "0": -112.37393298939364,
    "1": -99.72730623735656,
    "2": -108.55532142879017,
    "3": -97.55397881946504,
    "4": -88.89718890850364,
    "5": -103.87169919693414,
    "6": -90.87607705230445,
    "7": -84.39487544625884,
    "8": -81.3951473616932,
    "9": -70.10521204023671,
    "10": -75.60168474609056,
    "11": -79.30146356157204,
    "12": -84.36190047693132,
    "13": -69.07856438186552,
    "14": -59.831055334381574,
    "15": -63.3430782024054,
    "16": -75.03814981042082,
    "17": -60.71044329189786,
    "18": -69.31205099777955,
    "19": -65.1096838232342,
    "20": -59.30701331537062,
    "21": -61.07430024016859,
    "22": -65.60253877060579,
    "23": -61.59975454846661,
    "24": -54.63288419899273,
    "25": -43.27967039091382,
    "26": -54.352954739023765,
    "27": -49.07933464851758,
    "28": -44.16101654010391,
    "29": -48.43607920028411,
    "30": -49.27684010082479,
    "31": -39.34373517229798,
    "32": -40.83531807315731,
    "33": -47.69986984111096,
    "34": -41.35363629014055,
    "35": -48.388270609394425,
    "36": -40.91145872669543,
    "37": -47.9486800273398,
    "38": -46.37903685737875,
    "39": -39.114653646180614,
    "40": -38.15060171096714,
    "41": -41.82984658861458,
    "42": -39.34383944296232,
    "43": -37.31212975302178,
    "44": -29.59204546029851,
    "45": -37.799345653318845,
    "46": -27.068947948322172,
    "47": -37.14634985762979,
    "48": -36.98483598374105,
    "49": -43.192715852037196,
    "50": -32.15062606205795,
    "51": -33.0640024769386,
    "52": -27.068947948246695,
    "53": -44.14986434559402,
    "54": -36.83043902011585,
    "55": -27.830437357059793,
    "56": -33.82987140345895,
    "57": -28.26643590104844,
    "58": -33.0689479441881,
    "59": -30.627425436017493,
    "60": -40.41919472469832,
    "61": -35.65846515350651,
    "62": -30.59204546037397,
    "63": -35.41511403269025,
    "64": -34.34332429370428,
    "65": -30.700053520004893,
    "66": -29.86651452420074,
    "67": -19.89259478844373,
    "68": -34.14022208371041,
    "69": -23.49200389378155,
    "70": -30.307250703996267,
    "71": -23.933514087201754,
    "72": -28.79456968372039,
    "73": -32.25417795425082,
    "74": -29.649154561281165,
    "75": -37.425481376138336,
    "76": -30.46097697562558,
    "77": -26.97979994114251,
    "78": -29.59204540349952,
    "79": -25.938459108518842,
    "80": -37.30735379125065,
    "81": -25.295083557219392,
    "82": -22.285296179139632,
    "83": -25.699279705188555,
    "84": -22.25787285132012,
    "85": -20.938457670534493,
    "86": -24.497620064310475,
    "87": -26.492673186440012,
    "88": -23.52370201906137,
    "89": -30.533500056459054,
    "90": -22.901816243852387,
    "91": -28.29517438341558,
    "92": -30.015192457101243,
    "93": -32.860215359748295,
    "94": -30.222570906511045,
    "95": -32.135275148078776,
    "96": -37.221807972601106,
    "97": -18.49762006535076,
    "98": -35.223240160047645,
    "99": -27.25909887932772
}