{
    "0": -185.320261513399,
    "1": -185.4689371909558,
    "2": -168.4432274026903,
    "3": -154.90935761794003,
    "4": -174.9206816597637,
    "5": -155.0327875931812,
    "6": -130.94585342775432,
    "7": -150.9296472679413,
    "8": -135.72033521605186,
    "9": -119.66427621267202,
    "10": -127.26194456296389,
    "11": -129.70626219907453,
    "12": -115.8621447667976,
    "13": -125.6555957811012,
    "14": -132.51194264854576,
    "15": -143.88597898731496,
    "16": -101.50652884481417,
    "17": -122.54109645316366,
    "18": -101.80103556860276,
    "19": -94.6417113658797,
    "20": -98.04806631530121,
    "21": -94.91070506262342,
    "22": -90.64893603151667,
    "23": -99.43926002074087,
    "24": -96.8018492379243,
    "25": -101.5897745885379,
    "26": -83.57778148186749,
    "27": -85.70975290732424,
    "28": -75.6619055883098,
    "29": -88.12306452235353,
    "30": -82.58873130869799,
    "31": -65.19166233016654,
    "32": -76.9076595290831,
    "33": -73.2273519884421,
    "34": -68.68255330751452,
    "35": -79.06266587278115,
    "36": -67.08583765334353,
    "37": -67.86036140842818,
    "38": -68.3249941044662,
    "39": -69.33425472327782,
    "40": -61.01511838746806,
    "41": -75.42437493260567,
    "42": -57.96314018403445,
    "43": -70.13369513419805,
    "44": -60.59850753224392,
    "45": -75.1814130939167,
    "46": -67.72403676282423,
    "47": -70.22694468061471,
    "48": -67.55961366640324,
    "49": -58.05528707469112,
    "50": -61.548155583614665,
    "51": -67.61142031755548,
    "52": -55.65595980859402,
    "53": -57.899730069318245,
    "54": -53.42436661456191,
    "55": -53.73539865510937,
    "56": -54.128178262922674,
    "57": -54.33411270855836,
    "58": -62.496885859186065,
    "59": -61.17603150005396,
    "60": -53.231162625254186,
    "61": -62.479617304393,
    "62": -56.026626083589036,
    "63": -59.161466480032395,
    "64": -70.2981258441786,
    "65": -57.82779651156468,
    "66": -64.6902445240325,
    "67": -63.56331076315241,
    "68": -51.27181712203464,
    "69": -51.40037495843559,
    "70": -63.35393070384779,
    "71": -56.76575343494613,
    "72": -50.734057249900054,
    "73": -44.52054867132645,
    "74": -57.39455751240355,
    "75": -59.946796611581966,
    "76": -48.127247714721534,
    "77": -54.47917115945512,
    "78": -56.32020399699203,
    "79": -49.670465179208016,
    "80": -56.47381671514846,
    "81": -59.68072257372706,
    "82": -51.77068642392543,
    "83": -50.6352682030475,
    "84": -50.4067405281967,
    "85": -52.6915105224854,
    "86": -46.51038152729109,
    "87": -45.068303804823785,
    "88": -54.63534670623907,
    "89": -56.898833620835674,
    "90": -51.56826647061106,
    "91": -58.51224647272455,
    "92": -46.86158518302074,
    "93": -53.100570675585864,
    "94": -45.443383687029936,
    "95": -58.06492423428554,
    "96": -57.141344117508666,
    "97": -54.923640119894,
    "98": -50.60480506863971,
    "99": -43.509041880043384
}