{
    "0": -173.2511098080308,
    "1": -164.09621162847316,
    "2": -176.49941071095776,
    "3": -136.29505538130957,
    "4": -147.15745318319654,
    "5": -134.02287178409813,
    "6": -120.19084925894346,
    "7": -124.39954436532162,
    "8": -148.81296751654344,
    "9": -127.45275270836184,
    "10": -127.01168407169514,
    "11": -112.73885319780427,
    "12": -116.72627080918531,
    "13": -111.13176783035019,
    "14": -105.66747225442232,
    "15": -107.46611641775367,
    "16": -111.52152552872369,
    "17": -95.45329681893939,
    "18": -93.10226139437661,
    "19": -97.45807673801072,
    "20": -98.83352281505782,
    "21": -105.92724821641215,
    "22": -88.76082034742169,
    "23": -81.72925863107747,
    "24": -82.91325059992354,
    "25": -78.5076943875973,
    "26": -69.61563626799641,
    "27": -74.45514036597223,
    "28": -81.1649060745085,
    "29": -71.70175293331611,
    "30": -70.88586440310851,
    "31": -76.82015770368764,
    "32": -85.46352357598306,
    "33": -85.17035942686863,
    "34": -63.12712882213198,
    "35": -70.27241156289939,
    "36": -74.18836547566671,
    "37": -68.41258013155345,
    "38": -74.28936781548289,
    "39": -69.1474741445359,
    "40": -63.93043711723455,
    "41": -69.63485069440881,
    "42": -70.921299491395,
    "43": -65.11718529784721,
    "44": -67.05361663893211,
    "45": -58.889622984676684,
    "46": -61.18989044663236,
    "47": -70.49756018980008,
    "48": -64.13065111347052,
    "49": -54.90434805840538,
    "50": -56.1420957772353,
    "51": -61.628549749418696,
    "52": -63.84794317824596,
    "53": -63.588119723526,
    "54": -73.03039098860037,
    "55": -63.750566479047585,
    "56": -47.38042148066359,
    "57": -59.73077133820135,
    "58": -57.07025401679368,
    "59": -56.33454605057965,
    "60": -50.94092526847326,
    "61": -47.150760473076254,
    "62": -72.70813791356825,
    "63": -68.08439123372338,
    "64": -49.27384539285367,
    "65": -56.774621278487054,
    "66": -52.70258561600714,
    "67": -58.66519143043116,
    "68": -58.858413998169375,
    "69": -62.89503726816634,
    "70": -59.208093976329685,
    "71": -55.76875586659785,
    "72": -46.82604633391244,
    "73": -53.3217096378676,
    "74": -49.976988232654335,
    "75": -46.57144928074984,
    "76": -46.59820350227542,
    "77": -54.724493486550024,
    "78": -49.23969939505959,
    "79": -50.363466068248776,
    "80": -55.66092939897943,
    "81": -54.6331943106694,
    "82": -53.761021931661745,
    "83": -64.017642465122,
    "84": -54.18770633929597,
    "85": -42.84097475259355,
    "86": -55.85296904935379,
    "87": -60.35774539666151,
    "88": -43.567228635002834,
    "89": -53.95834084504614,
    "90": -55.45303704720256,
    "91": -49.8458166597711,
    "92": -52.173793200882315,
    "93": -52.80489688040347,
    "94": -50.04750110430988,
    "95": -52.394980523365064,
    "96": -54.75120953379587,
    "97": -50.95358857359538,
    "98": -49.7512343326232,
    "99": -43.30560678087227
}