{
    "0": -100.36387076177306,
    "1": -100.87712808099626,
    "2": -101.8757904533039,
    "3": -93.59481616871724,
    "4": -117.87027545239896,
    "5": -91.20938502027956,
    "6": -102.48868187452653,
    "7": -93.04223023745891,
    "8": -81.65335284316355,
    "9": -80.9607545067005,
    "10": -81.88083571844707,
    "11": -88.60889410735565,
    "12": -72.82038820343212,
    "13": -70.04176568878277,
    "14": -63.4431854501694,
    "15": -62.50950205548673,
    "16": -67.72654682401809,
    "17": -70.31619787468571,
    "18": -66.72127962823882,
    "19": -58.30776105868458,
    "20": -74.27539363655372,
    "21": -51.281112762312425,
    "22": -48.75783073984962,
    "23": -50.35295656553292,
    "24": -59.224751009399924,
    "25": -60.71562890830004,
    "26": -42.07360851432639,
    "27": -52.07373593774548,
    "28": -47.34382759999665,
    "29": -61.47899966921102,
    "30": -49.52017721169042,
    "31": -52.95598060251073,
    "32": -50.75720670575342,
    "33": -44.11531014011895,
    "34": -50.244185417190494,
    "35": -42.90689969088814,
    "36": -45.15841389357352,
    "37": -33.23521484286526,
    "38": -42.352350421405916,
    "39": -37.59204351076982,
    "40": -42.34802197978924,
    "41": -39.78959960517704,
    "42": -38.974274786183344,
    "43": -36.365897306963724,
    "44": -39.79322636509318,
    "45": -25.555400421044673,
    "46": -33.55112756787495,
    "47": -32.463639169410754,
    "48": -33.62810864969792,
    "49": -31.317665507001465,
    "50": -36.14432707007601,
    "51": -37.38475592246966,
    "52": -34.55053391185832,
    "53": -36.58719097932797,
    "54": -26.83051751933218,
    "55": -32.15061354499855,
    "56": -40.59185154944642,
    "57": -36.70540913385248,
    "58": -26.86089691393847,
    "59": -30.14131381145386,
    "60": -37.96103065808966,
    "61": -36.419865200361265,
    "62": -30.06818645223814,
    "63": -43.6217295744422,
    "64": -29.658451171642604,
    "65": -31.5914516038565,
    "66": -29.623072633427043,
    "67": -28.87188262511884,
    "68": -31.705500154650174,
    "69": -27.42073000957218,
    "70": -27.58719098338495,
    "71": -24.42567524769731,
    "72": -30.659135373168223,
    "73": -30.177275609566536,
    "74": -27.343167559688073,
    "75": -30.581575063145486,
    "76": -36.17719562968584,
    "77": -33.186507465854646,
    "78": -23.664068781196047,
    "79": -29.384745063936887,
    "80": -26.420059083834037,
    "81": -29.384057319475094,
    "82": -30.03297507825737,
    "83": -27.317087287756998,
    "84": -21.389031910782226,
    "85": -22.185928011396253,
    "86": -26.62792708455941,
    "87": -35.59194215470443,
    "88": -26.62742568734994,
    "89": -20.98483595685553,
    "90": -25.820560590833267,
    "91": -23.628015934740812,
    "92": -27.42558279668651,
    "93": -21.38970280565233,
    "94": -36.38883653204235,
    "95": -29.628094469099878,
    "96": -30.460215418631638,
    "97": -29.9432476202594,
    "98": -33.22315081110864,
    "99": -24.42567170485401
}