{
    "0": -79.90316604124799,
    "1": -65.54680123430344,
    "2": -65.62972203669219,
    "3": -62.965300979078144,
    "4": -61.60318067680559,
    "5": -71.65512955131527,
    "6": -62.79770263352728,
    "7": -58.126980803701144,
    "8": -50.7700029541594,
    "9": -46.37411964857416,
    "10": -52.35836549178823,
    "11": -52.377531277737184,
    "12": -52.74759824946749,
    "13": -49.48826169683168,
    "14": -45.72203965304178,
    "15": -49.17664372460996,
    "16": -38.33840941094174,
    "17": -37.2281230375153,
    "18": -43.644391990118635,
    "19": -41.61755104731,
    "20": -38.93812440512749,
    "21": -43.018061793763934,
    "22": -47.977709883852775,
    "23": -44.0990588158092,
    "24": -41.36438822725602,
    "25": -37.24456346982937,
    "26": -35.357063299911914,
    "27": -31.94410375968981,
    "28": -37.99029879151182,
    "29": -34.73042614998188,
    "30": -32.574357039036784,
    "31": -28.803632223462003,
    "32": -36.070383874494595,
    "33": -28.424939761323266,
    "34": -30.485209037170883,
    "35": -32.962949856647015,
    "36": -34.97235710735761,
    "37": -29.165305990974495,
    "38": -32.367069164962295,
    "39": -28.891018942412572,
    "40": -32.3664875622545,
    "41": -32.33680326173345,
    "42": -36.68363815403844,
    "43": -37.879774535770515,
    "44": -37.66793975835434,
    "45": -30.16045198585906,
    "46": -30.118826477673764,
    "47": -27.49831758218823,
    "48": -29.128083416330995,
    "49": -26.844526750997044,
    "50": -30.252442117761294,
    "51": -31.931174913855116,
    "52": -35.273120586254024,
    "53": -24.647154171254275,
    "54": -28.528070761433657,
    "55": -35.361362422587135,
    "56": -27.729410756207884,
    "57": -27.64638032542875,
    "58": -28.14937708580114,
    "59": -27.285479923707776,
    "60": -31.351034807565426,
    "61": -27.45194261728732,
    "62": -30.813510428307488,
    "63": -23.713971948244243,
    "64": -23.7184160224923,
    "65": -29.874895703184283,
    "66": -30.408552784244268,
    "67": -26.4805900788495,
    "68": -32.43834329988012,
    "69": -24.998845406383786,
    "70": -30.006145810349825,
    "71": -25.606145709279428,
    "72": -23.647063375516854,
    "73": -26.443377683470594,
    "74": -26.23725105589318,
    "75": -25.289754244681134,
    "76": -25.96722440737819,
    "77": -28.439078560729882,
    "78": -25.879944064602007,
    "79": -27.5164178022566,
    "80": -25.2063026147406,
    "81": -22.24228565988262,
    "82": -26.807985273348386,
    "83": -31.889675905183882,
    "84": -32.47439423130456,
    "85": -30.36715829709634,
    "86": -27.232306004113372,
    "87": -24.2062903263159,
    "88": -25.71699611450694,
    "89": -25.68310012634208,
    "90": -27.052008501951146,
    "91": -30.40789603547293,
    "92": -28.84455106859799,
    "93": -23.96790905904576,
    "94": -27.66820005649969,
    "95": -26.870053575464382,
    "96": -25.719004889242917,
    "97": -23.237342072578606,
    "98": -25.71270928018072,
    "99": -18.68312659117846
}