{
    "0": -118.7826425668796,
    "1": -111.04778370873022,
    "2": -104.71013338884238,
    "3": -102.84672082258953,
    "4": -106.24604022125298,
    "5": -99.44821358474341,
    "6": -92.65453559518232,
    "7": -86.97185277929381,
    "8": -78.63765722931564,
    "9": -88.49375500669753,
    "10": -81.05232527012629,
    "11": -91.51916813954402,
    "12": -69.7786441663107,
    "13": -77.97056832848787,
    "14": -63.11999410028894,
    "15": -69.25117776641859,
    "16": -61.24555304755788,
    "17": -75.83497881224339,
    "18": -77.53605217155986,
    "19": -70.34928632835744,
    "20": -58.79858073966729,
    "21": -71.48319713656421,
    "22": -72.01779580620938,
    "23": -58.352719021132195,
    "24": -51.80429083737007,
    "25": -68.80973558934627,
    "26": -55.00226793006145,
    "27": -47.482274037868244,
    "28": -47.60254023477711,
    "29": -44.12058961880324,
    "30": -56.204053622779114,
    "31": -59.064309790287155,
    "32": -47.64396848449038,
    "33": -57.069367052945,
    "34": -47.08954829562196,
    "35": -34.97075184284297,
    "36": -49.92262417049302,
    "37": -52.88236512888074,
    "38": -43.35717727298066,
    "39": -39.566564682868844,
    "40": -54.041513692085175,
    "41": -43.32748960708368,
    "42": -41.715825876950824,
    "43": -34.317733163949526,
    "44": -37.59264827385733,
    "45": -46.834633360099005,
    "46": -41.089743617542986,
    "47": -37.39447880038832,
    "48": -47.12505474909275,
    "49": -38.60052499851128,
    "50": -33.07438231620906,
    "51": -45.95856014503988,
    "52": -33.399436278198124,
    "53": -34.87682789713755,
    "54": -38.328070919700885,
    "55": -40.83037276602003,
    "56": -35.435897838001964,
    "57": -39.62862238729615,
    "58": -38.840944644562846,
    "59": -32.40001624315937,
    "60": -37.84018311747119,
    "61": -37.59756875299295,
    "62": -39.430952366060275,
    "63": -33.633462890032746,
    "64": -28.197659634026916,
    "65": -42.161700741695135,
    "66": -37.400012887701706,
    "67": -36.197568868588604,
    "68": -35.67447132148235,
    "69": -38.63355534059171,
    "70": -37.15665283446483,
    "71": -32.43540706146938,
    "72": -30.590280853645538,
    "73": -29.87691869693057,
    "74": -36.86634521228208,
    "75": -38.601083660714956,
    "76": -40.476749270939784,
    "77": -28.876918723420825,
    "78": -27.876906214122226,
    "79": -41.286561285576674,
    "80": -28.043288932361687,
    "81": -33.359187709507324,
    "82": -33.461399656729625,
    "83": -32.03843403575726,
    "84": -32.80487080416468,
    "85": -31.83096501569041,
    "86": -45.15674173802906,
    "87": -30.602527941900174,
    "88": -45.197565281782,
    "89": -34.07924884250485,
    "90": -27.47194856602241,
    "91": -37.364134394942354,
    "92": -34.48421877474724,
    "93": -28.46710663235637,
    "94": -39.16102880155759,
    "95": -33.87624591044539,
    "96": -36.07372390897755,
    "97": -28.43539480770968,
    "98": -38.156755694047845,
    "99": -33.56656801366118
}