{
    "0": -150.10541947007795,
    "1": -132.61233345064858,
    "2": -146.00325747556514,
    "3": -142.83605103062277,
    "4": -135.4270922166261,
    "5": -125.18335216495134,
    "6": -125.9726726723552,
    "7": -124.92581968083779,
    "8": -107.33503150672193,
    "9": -101.37396547906955,
    "10": -105.27878271244624,
    "11": -110.5665729395759,
    "12": -90.8000118804396,
    "13": -103.08000462221241,
    "14": -88.04463654552556,
    "15": -101.14762613445649,
    "16": -83.30033465091685,
    "17": -88.00772883369442,
    "18": -85.2626548429585,
    "19": -95.92443817853358,
    "20": -87.71253012395941,
    "21": -82.88842938171365,
    "22": -71.415879951886,
    "23": -77.43449105164083,
    "24": -73.97554374740929,
    "25": -74.72179904750405,
    "26": -71.23397707145256,
    "27": -77.30868787493455,
    "28": -62.44327871600961,
    "29": -78.84865692836694,
    "30": -64.12313743059626,
    "31": -75.02783525074456,
    "32": -67.41882700188066,
    "33": -63.034605903316645,
    "34": -58.212198051211466,
    "35": -61.08521182601502,
    "36": -62.418749005017546,
    "37": -63.36011449175098,
    "38": -59.482811701481566,
    "39": -59.10224324200812,
    "40": -70.08589490553028,
    "41": -60.77539350025166,
    "42": -59.22553273186804,
    "43": -42.51047407740943,
    "44": -55.98201419249711,
    "45": -49.33755213409485,
    "46": -55.67693484717335,
    "47": -45.883653673024185,
    "48": -56.61856128366431,
    "49": -50.33556758982787,
    "50": -56.234675425016015,
    "51": -52.91894448085616,
    "52": -63.25297223391255,
    "53": -50.68120796412958,
    "54": -48.320193562691145,
    "55": -50.54015984638656,
    "56": -45.50554108907109,
    "57": -52.11558042364954,
    "58": -57.21001473291475,
    "59": -55.19983826767414,
    "60": -56.001951940627414,
    "61": -47.34384210639812,
    "62": -57.30660346738835,
    "63": -44.46955641069997,
    "64": -48.239619034460105,
    "65": -52.248093626866066,
    "66": -45.17260349611894,
    "67": -43.3834951562354,
    "68": -41.95056391294016,
    "69": -55.42659868098153,
    "70": -41.01327667151445,
    "71": -53.27046481421308,
    "72": -42.82568980677652,
    "73": -46.73738437834433,
    "74": -54.59871584757308,
    "75": -46.00188434501506,
    "76": -50.98595332721192,
    "77": -56.683404197146395,
    "78": -56.4365275025045,
    "79": -45.820630851093746,
    "80": -39.61773247521411,
    "81": -46.576132270498135,
    "82": -46.46828119755642,
    "83": -50.78705020230957,
    "84": -45.46955640698435,
    "85": -42.830479757626044,
    "86": -55.06821480583168,
    "87": -48.991572538503355,
    "88": -41.717760227655994,
    "89": -46.027441935745834,
    "90": -54.30233368591764,
    "91": -45.3433543753973,
    "92": -42.89200621709998,
    "93": -46.31289344074409,
    "94": -45.577473415414424,
    "95": -42.78486129957715,
    "96": -46.384181306247946,
    "97": -49.36941201189948,
    "98": -42.42089064593404,
    "99": -43.908117163321876
}