{
    "0": -143.1750644760722,
    "1": -108.75141547700797,
    "2": -110.32941762579917,
    "3": -102.47268101225632,
    "4": -102.87824000957272,
    "5": -99.50793959361555,
    "6": -109.66540243377656,
    "7": -99.26425327939353,
    "8": -97.506622566626,
    "9": -101.0778292617054,
    "10": -87.63516104005552,
    "11": -75.23532132275845,
    "12": -85.18950712618785,
    "13": -72.61251339789449,
    "14": -73.57652511371262,
    "15": -74.83120035211454,
    "16": -88.99749683494849,
    "17": -76.91448671056011,
    "18": -78.39421443454779,
    "19": -62.98585186572757,
    "20": -63.225674067692154,
    "21": -66.74755055317252,
    "22": -63.02254895284806,
    "23": -77.16716117961552,
    "24": -54.46834732330298,
    "25": -64.61385316980424,
    "26": -54.26146656388661,
    "27": -55.701053727301264,
    "28": -54.51532470899156,
    "29": -53.531518039474314,
    "30": -47.612182683026695,
    "31": -53.571172977751786,
    "32": -57.15163616830502,
    "33": -51.67056988820399,
    "34": -57.52546707940933,
    "35": -52.319444610712885,
    "36": -50.837250808810495,
    "37": -51.75356125703621,
    "38": -45.784179974024255,
    "39": -56.587285643826334,
    "40": -50.49862256488222,
    "41": -43.136040264502064,
    "42": -38.85105350944006,
    "43": -55.00085841008787,
    "44": -34.25124750682374,
    "45": -47.30250078389071,
    "46": -42.85134861870102,
    "47": -42.779816290598895,
    "48": -42.45293902185251,
    "49": -47.21453464618573,
    "50": -43.70182924021785,
    "51": -43.127573880038064,
    "52": -43.8256635933019,
    "53": -53.24864435691982,
    "54": -36.412024708707065,
    "55": -34.25041979123874,
    "56": -42.29562246048006,
    "57": -43.602292423797664,
    "58": -44.443722491113306,
    "59": -35.643208678390174,
    "60": -42.17856554840371,
    "61": -40.976208747659165,
    "62": -40.18357678916964,
    "63": -44.32797874633036,
    "64": -39.0530188884453,
    "65": -50.30300458086445,
    "66": -35.84621138537778,
    "67": -38.885878126250795,
    "68": -35.840787625596356,
    "69": -35.162202618794126,
    "70": -46.04313005118826,
    "71": -37.125713126839145,
    "72": -33.88656114993577,
    "73": -33.33856473988689,
    "74": -36.4889039486187,
    "75": -28.31816696039496,
    "76": -36.79322945336127,
    "77": -34.20740545646399,
    "78": -41.26659697919616,
    "79": -42.374419869909026,
    "80": -37.91886381687293,
    "81": -31.85066563121275,
    "82": -37.99868698764513,
    "83": -37.488812927810955,
    "84": -33.85057624292958,
    "85": -27.969476432233684,
    "86": -38.321358247563765,
    "87": -38.17134198004442,
    "88": -28.198185633648638,
    "89": -39.572011343937724,
    "90": -36.43657918933226,
    "91": -38.83517288677395,
    "92": -32.917574203376134,
    "93": -25.815273344375477,
    "94": -38.36883019353903,
    "95": -34.83405632854155,
    "96": -33.20739316740607,
    "97": -39.725650185128615,
    "98": -36.887230442670784,
    "99": -32.46743849313451
}