{
    "0": -421.40255312724037,
    "1": -395.89959935926197,
    "2": -397.9619216906028,
    "3": -381.8177208949017,
    "4": -401.5398570903102,
    "5": -365.31932353351357,
    "6": -354.54729287448595,
    "7": -338.3596369217655,
    "8": -322.4181018114597,
    "9": -322.8108575213389,
    "10": -303.5014778292316,
    "11": -324.8360006510354,
    "12": -287.36853308181924,
    "13": -289.9618350387543,
    "14": -311.19917257365506,
    "15": -300.3364638559739,
    "16": -282.1464820006959,
    "17": -289.750636704757,
    "18": -290.8987025704667,
    "19": -270.98292804291424,
    "20": -251.18558855601756,
    "21": -241.07118237983642,
    "22": -248.91509983132838,
    "23": -247.4239318869974,
    "24": -233.89030343811385,
    "25": -222.55630336806755,
    "26": -225.9605109658718,
    "27": -211.88796684375973,
    "28": -243.4997782625521,
    "29": -201.57229878172578,
    "30": -203.76681654174334,
    "31": -195.5062321227351,
    "32": -177.16797891087347,
    "33": -177.82006369751602,
    "34": -174.19850113397627,
    "35": -193.0462894055343,
    "36": -195.39305557639497,
    "37": -188.03364069142486,
    "38": -173.6081893822878,
    "39": -176.12178200304282,
    "40": -171.1405307925906,
    "41": -176.5176875675695,
    "42": -177.71863330242485,
    "43": -161.02346118842593,
    "44": -150.8587780325906,
    "45": -136.20089634155838,
    "46": -164.47803752434123,
    "47": -179.19532626229235,
    "48": -158.50862422697642,
    "49": -154.46850306235882,
    "50": -160.59740234880297,
    "51": -147.16121000735123,
    "52": -148.60341839200493,
    "53": -152.1530803818009,
    "54": -138.73347936223607,
    "55": -152.53855215978706,
    "56": -148.60579046446819,
    "57": -136.26373822448912,
    "58": -157.6061343298026,
    "59": -133.59656428907172,
    "60": -139.35169485510121,
    "61": -144.25414758897264,
    "62": -125.53619868735875,
    "63": -134.22176634482514,
    "64": -136.23638497866557,
    "65": -146.28925444071464,
    "66": -118.96176934150421,
    "67": -140.79243588847245,
    "68": -140.42163650529278,
    "69": -143.18889149297925,
    "70": -118.01237730783181,
    "71": -134.23204195663033,
    "72": -145.91998604323433,
    "73": -142.34103524956888,
    "74": -135.261164857453,
    "75": -120.70035572448826,
    "76": -130.21192572898974,
    "77": -128.54947868250878,
    "78": -147.35522702226092,
    "79": -130.91564130586673,
    "80": -122.06008172063387,
    "81": -122.346240696541,
    "82": -127.27861341082442,
    "83": -128.49471604274834,
    "84": -128.09467211944212,
    "85": -122.094041716657,
    "86": -128.44737213047097,
    "87": -106.37181079767583,
    "88": -123.57717710538448,
    "89": -130.1831929163391,
    "90": -123.02531813045508,
    "91": -132.12875569820346,
    "92": -144.18189001024575,
    "93": -126.98825041588798,
    "94": -117.66594811259857,
    "95": -127.50481007152695,
    "96": -112.8637608509015,
    "97": -122.72751817587113,
    "98": -133.18193908265567,
    "99": -114.33515659785874,
    "100": -129.4096365943253,
    "101": -130.35595276115953,
    "102": -123.99161000544323,
    "103": -136.39082492589958,
    "104": -118.96022336733023,
    "105": -129.62965899258546,
    "106": -118.13315412872183,
    "107": -121.93148046820578,
    "108": -114.8316957586137,
    "109": -120.76341522515241,
    "110": -125.42302795026538,
    "111": -126.02306552048833,
    "112": -116.3314080833501,
    "113": -120.08459790754485,
    "114": -116.22866093039643,
    "115": -123.61649679615448,
    "116": -114.80956329436597,
    "117": -126.96995562289509,
    "118": -114.92762986231354,
    "119": -121.27854309718757,
    "120": -123.44852075369847,
    "121": -112.71964177775133,
    "122": -104.32714718996652,
    "123": -124.13865934690048,
    "124": -123.84543971265293,
    "125": -116.20274709783935,
    "126": -115.3372732747726,
    "127": -140.99098898756097,
    "128": -119.96582092924753,
    "129": -118.9940558470451,
    "130": -119.38689398982704,
    "131": -126.80368620571333,
    "132": -120.44776726444167,
    "133": -119.04834584702871,
    "134": -124.62797293898895,
    "135": -112.98079621894192,
    "136": -120.27829389235133,
    "137": -113.6346551268349,
    "138": -119.26171819590594,
    "139": -127.47955881117599,
    "140": -120.1342247970402,
    "141": -138.27534729934027,
    "142": -132.91417688677473,
    "143": -126.05197305368135,
    "144": -104.30717147841679,
    "145": -108.41062701182271,
    "146": -113.31190553402938,
    "147": -130.86627661995766,
    "148": -125.61682308300783,
    "149": -119.51460448445903
}