{
    "0": -438.9659505005676,
    "1": -402.7338939640565,
    "2": -396.04084428463494,
    "3": -407.29631905649063,
    "4": -333.9842189188314,
    "5": -382.19091221089985,
    "6": -361.0279266849311,
    "7": -360.3567079153007,
    "8": -354.1435270619483,
    "9": -352.9607843393421,
    "10": -325.4780014983936,
    "11": -321.18004625812154,
    "12": -305.2536287509016,
    "13": -282.73121110625146,
    "14": -281.83182241657255,
    "15": -296.3761562618595,
    "16": -287.74162205672707,
    "17": -270.5635773487172,
    "18": -278.7512263965322,
    "19": -256.03207906454236,
    "20": -243.46153611174176,
    "21": -272.3681785307705,
    "22": -227.76417662686282,
    "23": -268.1398043961351,
    "24": -215.53230032509072,
    "25": -225.62387337065158,
    "26": -214.11055081173424,
    "27": -240.64096299066992,
    "28": -217.19587284930864,
    "29": -222.6150868355864,
    "30": -226.38828140958128,
    "31": -201.03285473983743,
    "32": -213.91761958045538,
    "33": -199.55720578901773,
    "34": -205.57861740940976,
    "35": -175.63119023126652,
    "36": -214.7500129844268,
    "37": -190.80141327141993,
    "38": -200.52322080418074,
    "39": -187.34532286049838,
    "40": -191.61394935082575,
    "41": -187.80582946795016,
    "42": -172.12173045585672,
    "43": -166.7209866685104,
    "44": -174.04357526056197,
    "45": -191.48756699435972,
    "46": -165.6958014308009,
    "47": -169.8853948961732,
    "48": -144.09763439398796,
    "49": -175.35708201999498,
    "50": -152.83652149461156,
    "51": -173.0986293547734,
    "52": -162.20735393879067,
    "53": -161.08655908931186,
    "54": -154.8548019027876,
    "55": -174.02941593456288,
    "56": -159.83394998509607,
    "57": -153.75587240009267,
    "58": -150.86968812681008,
    "59": -166.0159520362968,
    "60": -137.00955299320282,
    "61": -160.37749197928525,
    "62": -133.99434427632573,
    "63": -153.16637719924998,
    "64": -146.26317262657517,
    "65": -161.60536405044482,
    "66": -153.5430886618358,
    "67": -140.15953155923233,
    "68": -147.60749043987525,
    "69": -132.01117488661575,
    "70": -129.79842403309812,
    "71": -135.35921487244096,
    "72": -150.76093920000952,
    "73": -128.47690441416472,
    "74": -141.34282579919062,
    "75": -162.40022589452192,
    "76": -133.3005298805615,
    "77": -144.79976795160493,
    "78": -156.51244895870576,
    "79": -131.15455106275016,
    "80": -148.0196954456464,
    "81": -152.42270806758054,
    "82": -144.154721009366,
    "83": -157.38923992901616,
    "84": -133.67781115787588,
    "85": -151.5060840926502,
    "86": -154.51784126986334,
    "87": -141.586007813528,
    "88": -135.2821921691895,
    "89": -140.8154821067231,
    "90": -123.70834927038678,
    "91": -129.6997928690339,
    "92": -123.50307372003536,
    "93": -118.84675898556,
    "94": -145.43588311377226,
    "95": -137.25777914344533,
    "96": -121.64275791483313,
    "97": -145.9337219669914,
    "98": -129.91900683249548,
    "99": -128.39397125214913,
    "100": -127.68679682834906,
    "101": -139.9255189785969,
    "102": -123.29316317778773,
    "103": -132.63646983325245,
    "104": -126.53685574044933,
    "105": -124.31128065041933,
    "106": -139.27430824175678,
    "107": -128.09991921460056,
    "108": -126.96832806961456,
    "109": -128.967947798992,
    "110": -134.7244804875597,
    "111": -133.93886794179116,
    "112": -138.64669269310818,
    "113": -134.52916482534047,
    "114": -127.72024280165067,
    "115": -129.3622884337031,
    "116": -117.45534117398627,
    "117": -112.81308188518264,
    "118": -119.21008542123704,
    "119": -130.484007345471,
    "120": -125.35731923563742,
    "121": -133.58851525972398,
    "122": -123.13995735384542,
    "123": -110.74863873082789,
    "124": -138.83311326587875,
    "125": -134.81624376646909,
    "126": -120.93580356675503,
    "127": -124.85750193782854,
    "128": -142.96452484333776,
    "129": -138.31611370363166,
    "130": -120.50816729087269,
    "131": -123.24320582093499,
    "132": -118.51285987938414,
    "133": -129.915068517655,
    "134": -129.09266189566932,
    "135": -137.04629059707267,
    "136": -133.1131999440374,
    "137": -139.386054597257,
    "138": -113.58493796138816,
    "139": -113.46948180213708,
    "140": -115.24262779411517,
    "141": -133.13441755842385,
    "142": -126.27243199126322,
    "143": -113.39606303096721,
    "144": -117.74858006183293,
    "145": -111.06902028140259,
    "146": -130.06931321067427,
    "147": -119.38018116541744,
    "148": -138.19436459333681,
    "149": -116.14757872780052
}