{
    "0": -371.8857278412298,
    "1": -375.3334998809375,
    "2": -355.6777475714442,
    "3": -331.43144094353113,
    "4": -361.677950776351,
    "5": -339.7791523721927,
    "6": -329.2306059261662,
    "7": -314.006962137117,
    "8": -272.4882476679639,
    "9": -317.1445540330044,
    "10": -277.5259231047817,
    "11": -277.7919959424801,
    "12": -281.1846021867954,
    "13": -260.35621905909295,
    "14": -255.8892301619482,
    "15": -265.7786145632033,
    "16": -252.57207926835818,
    "17": -260.7513079964809,
    "18": -241.61317894942016,
    "19": -239.790731966323,
    "20": -241.29249857021864,
    "21": -230.1559030635942,
    "22": -225.8171176986414,
    "23": -222.6186002250312,
    "24": -228.2100334713518,
    "25": -222.84083325621918,
    "26": -215.58062776247115,
    "27": -195.58806985277857,
    "28": -197.0103942875402,
    "29": -217.897592826246,
    "30": -186.4323830014165,
    "31": -194.227636305473,
    "32": -209.5666114243204,
    "33": -212.9708795130376,
    "34": -196.85884492524428,
    "35": -193.24998606306167,
    "36": -188.12608523230278,
    "37": -197.9844054488106,
    "38": -183.05259782929204,
    "39": -185.18836786546723,
    "40": -207.80404512345976,
    "41": -178.79122557279294,
    "42": -177.93616433855348,
    "43": -161.3648775242079,
    "44": -168.65734348964847,
    "45": -172.89962219569566,
    "46": -169.9626298969012,
    "47": -168.40743037684692,
    "48": -169.62142221167122,
    "49": -176.3816756257695,
    "50": -161.56936460494623,
    "51": -176.4338130069411,
    "52": -169.3295809638772,
    "53": -155.7729100582664,
    "54": -168.80753277058082,
    "55": -150.99623360123257,
    "56": -157.60047338702088,
    "57": -160.4593104699879,
    "58": -138.8687910892324,
    "59": -151.15785608045968,
    "60": -151.76348922717963,
    "61": -147.00416435143657,
    "62": -162.84440571756107,
    "63": -138.82206024095282,
    "64": -146.43763939089823,
    "65": -142.16106656691073,
    "66": -149.95949455874776,
    "67": -141.59858313644307,
    "68": -157.4421805334985,
    "69": -151.07332437717037,
    "70": -143.64275409129323,
    "71": -137.27887263832383,
    "72": -140.43830628832788,
    "73": -132.0405287095602,
    "74": -136.6803753111932,
    "75": -139.3924934494788,
    "76": -125.44865428774126,
    "77": -129.31305808866452,
    "78": -139.1790455050093,
    "79": -131.0761521390739,
    "80": -139.33228590804288,
    "81": -133.78512321595062,
    "82": -136.83773894583842,
    "83": -133.5777561713505,
    "84": -126.8993905959946,
    "85": -132.4488230058343,
    "86": -135.77576466948722,
    "87": -131.0406801234014,
    "88": -118.44950325809297,
    "89": -115.29301371824933,
    "90": -121.04856925521977,
    "91": -132.34421170235788,
    "92": -133.94628798590608,
    "93": -133.71054127149065,
    "94": -138.95025098375413,
    "95": -113.00114532969008,
    "96": -118.0340406446317,
    "97": -123.96163205036525,
    "98": -116.84226892097944,
    "99": -128.71487794349127,
    "100": -113.04393033974407,
    "101": -131.46670087000427,
    "102": -130.0913220198161,
    "103": -115.03877250279118,
    "104": -119.28822376150946,
    "105": -138.69248538894507,
    "106": -125.65753180191362,
    "107": -130.61188402209518,
    "108": -127.69652720711458,
    "109": -119.5553836730859,
    "110": -130.67646943516925,
    "111": -139.4802290825726,
    "112": -121.62247608299248,
    "113": -111.36211972724334,
    "114": -128.29792266574202,
    "115": -127.57600856011433,
    "116": -114.37584447250501,
    "117": -116.27119511148307,
    "118": -110.74866164405776,
    "119": -119.59204023678038,
    "120": -130.90894453473288,
    "121": -125.06587958757193,
    "122": -121.0081414671355,
    "123": -105.33478328055732,
    "124": -102.13333994236471,
    "125": -104.2985344423558,
    "126": -111.26613493990013,
    "127": -114.70549411003111,
    "128": -118.0137206509066,
    "129": -102.7164847245208,
    "130": -132.7291178537847,
    "131": -119.55319519879671,
    "132": -116.42481707038098,
    "133": -116.56570509060559,
    "134": -106.17725677945963,
    "135": -111.35522164000268,
    "136": -120.64577664893422,
    "137": -110.68980292970947,
    "138": -113.28734845314729,
    "139": -126.92987121108004,
    "140": -109.57282952636241,
    "141": -120.76346533041426,
    "142": -118.35586826972947,
    "143": -100.59023977218136,
    "144": -115.49675271910031,
    "145": -113.89810592722363,
    "146": -140.17372190290294,
    "147": -115.35898602239094,
    "148": -101.11496213143329,
    "149": -114.28842768669837
}