{
    "0": -402.68933419012353,
    "1": -418.2655628271127,
    "2": -392.8838329013379,
    "3": -401.171843520465,
    "4": -344.2317292110242,
    "5": -355.52844500933236,
    "6": -324.4282877253365,
    "7": -307.6836337784895,
    "8": -322.87143793117957,
    "9": -324.69686025880844,
    "10": -333.85446365154564,
    "11": -325.4167639840991,
    "12": -302.435581971684,
    "13": -276.2071086464166,
    "14": -274.58289521050807,
    "15": -292.15236795348045,
    "16": -268.2402394079396,
    "17": -256.0426504347297,
    "18": -264.0915847309923,
    "19": -247.6504466826929,
    "20": -231.67074998279318,
    "21": -241.67539817361853,
    "22": -223.18162508102907,
    "23": -233.69768459930341,
    "24": -247.92658844697132,
    "25": -200.6890600337733,
    "26": -245.78928657827925,
    "27": -219.62512601760776,
    "28": -214.13158678109986,
    "29": -234.80843255830953,
    "30": -196.3735707243194,
    "31": -196.26925140044605,
    "32": -206.2859333872942,
    "33": -197.24813585917315,
    "34": -194.78815077049123,
    "35": -180.90773821130685,
    "36": -177.6419452326514,
    "37": -178.46819003901095,
    "38": -176.80710971822464,
    "39": -175.36344739403683,
    "40": -197.09247832719126,
    "41": -182.45059866754607,
    "42": -168.92584318613746,
    "43": -191.93749426128528,
    "44": -183.96068738592862,
    "45": -173.1280811922627,
    "46": -169.85161529985768,
    "47": -193.90215005562487,
    "48": -176.05005927335208,
    "49": -145.8854828132762,
    "50": -157.53839474947705,
    "51": -170.39197818372455,
    "52": -176.60923692840927,
    "53": -159.84311373310388,
    "54": -147.15409896281662,
    "55": -157.0441850078381,
    "56": -152.38141573380676,
    "57": -136.46594096203572,
    "58": -148.64605126702924,
    "59": -155.87024446662875,
    "60": -145.4186892129244,
    "61": -146.63177863681562,
    "62": -159.3244779641368,
    "63": -160.8998893054052,
    "64": -144.53122756316617,
    "65": -156.0909779863472,
    "66": -142.61509746169392,
    "67": -140.55180149271854,
    "68": -130.47700123106316,
    "69": -138.10850999288138,
    "70": -151.4730980943004,
    "71": -139.6474424987519,
    "72": -142.39606049566862,
    "73": -149.96000683967245,
    "74": -159.6740535869529,
    "75": -137.04748589431182,
    "76": -133.60595617692053,
    "77": -139.4459088698211,
    "78": -135.37276117759004,
    "79": -140.88407556777537,
    "80": -138.41433673821436,
    "81": -136.95939929889605,
    "82": -125.97303476808665,
    "83": -122.75981530282306,
    "84": -113.3974079521268,
    "85": -135.7872427403747,
    "86": -157.47167084116302,
    "87": -127.13922550447676,
    "88": -144.8572864828431,
    "89": -134.67306280504937,
    "90": -134.49845381298704,
    "91": -125.55785417564122,
    "92": -117.64140228877326,
    "93": -132.32557046672343,
    "94": -132.74575091862633,
    "95": -126.7261240277765,
    "96": -126.72893668994135,
    "97": -131.4859131384487,
    "98": -119.34204923706434,
    "99": -121.56230841945231,
    "100": -128.22092919737048,
    "101": -128.64687597763356,
    "102": -129.13459008709083,
    "103": -130.8760323742675,
    "104": -128.72487223680318,
    "105": -115.87379601796808,
    "106": -134.22116137058637,
    "107": -122.92738360406636,
    "108": -133.19073404524732,
    "109": -128.16980611498286,
    "110": -118.35672503927718,
    "111": -127.6363272725714,
    "112": -120.08100563179603,
    "113": -123.73112026141251,
    "114": -117.07065053376385,
    "115": -115.40250992310375,
    "116": -127.06795991480153,
    "117": -135.9771225754678,
    "118": -114.9461795757796,
    "119": -117.21986284589174,
    "120": -138.6425438952117,
    "121": -135.52691022000127,
    "122": -128.05993499537044,
    "123": -108.5907747620248,
    "124": -125.45814357704062,
    "125": -103.37083590258551,
    "126": -122.92050162478093,
    "127": -112.1720012684573,
    "128": -132.62423694858512,
    "129": -116.17007388777367,
    "130": -103.31463763424888,
    "131": -127.57084556062863,
    "132": -117.22765638435533,
    "133": -121.05463508638242,
    "134": -130.57432524232206,
    "135": -130.76284132739818,
    "136": -127.46855081050688,
    "137": -110.45408017651806,
    "138": -120.09436606328818,
    "139": -104.53221949632044,
    "140": -109.72362887906044,
    "141": -108.92702908109504,
    "142": -131.2686139041485,
    "143": -115.14863881451876,
    "144": -116.26497247047662,
    "145": -124.0563326267539,
    "146": -122.85620342772613,
    "147": -109.06725016959172,
    "148": -107.55726254090614,
    "149": -115.16963097379806
}