{
    "0": -423.39475098877836,
    "1": -391.9577263615834,
    "2": -439.5927227499169,
    "3": -351.1625494864844,
    "4": -381.6410510716381,
    "5": -341.7892930201965,
    "6": -356.16720262670805,
    "7": -315.77343203958515,
    "8": -324.44964964545113,
    "9": -320.2255867843688,
    "10": -336.99620599456046,
    "11": -286.52018473781254,
    "12": -312.17373809666674,
    "13": -292.0338540373538,
    "14": -271.87550984871535,
    "15": -294.9472090666783,
    "16": -282.28622160133034,
    "17": -268.65580975704125,
    "18": -255.47445280443307,
    "19": -242.2729849990268,
    "20": -231.96476775967298,
    "21": -268.5323887255914,
    "22": -251.02347221211411,
    "23": -242.4686406923877,
    "24": -225.50639370503632,
    "25": -242.2868262616731,
    "26": -217.35832251736994,
    "27": -222.25364536010426,
    "28": -198.04065404634207,
    "29": -224.297388539546,
    "30": -218.6261753410285,
    "31": -205.50858661526732,
    "32": -200.45924584988705,
    "33": -209.831359343754,
    "34": -229.00573185788116,
    "35": -200.61367610376948,
    "36": -202.77478230443631,
    "37": -187.86542374384825,
    "38": -199.8497185037717,
    "39": -196.3885454307828,
    "40": -209.4262137578558,
    "41": -174.99315673788482,
    "42": -189.70792717093886,
    "43": -181.85157789238826,
    "44": -201.57862329979739,
    "45": -159.8160254820783,
    "46": -180.7463916447511,
    "47": -162.80206312945253,
    "48": -169.99712809586129,
    "49": -182.45367307531038,
    "50": -189.21594858903055,
    "51": -151.0877553084847,
    "52": -163.3610243072073,
    "53": -164.59376658985187,
    "54": -172.31575145635844,
    "55": -173.91375032045644,
    "56": -158.28256743286215,
    "57": -159.34639226285134,
    "58": -161.092108946964,
    "59": -161.91428531617876,
    "60": -136.19626336694944,
    "61": -152.4759225429051,
    "62": -152.83138430624086,
    "63": -158.96761546448462,
    "64": -147.39818512538847,
    "65": -158.93798512714355,
    "66": -176.22352017975643,
    "67": -155.71942703464128,
    "68": -150.67740766164738,
    "69": -163.83648989216897,
    "70": -145.087878927477,
    "71": -150.80704259907526,
    "72": -152.05413577598583,
    "73": -140.90176608858582,
    "74": -159.87447406360081,
    "75": -129.88629675049626,
    "76": -136.9443482443565,
    "77": -175.29785464079592,
    "78": -149.93312499123306,
    "79": -150.17008601977548,
    "80": -152.38615481313872,
    "81": -133.17526987342015,
    "82": -149.64287333181795,
    "83": -140.89028146832973,
    "84": -160.68443167425295,
    "85": -156.60533301756212,
    "86": -149.69940448920764,
    "87": -153.25880350108898,
    "88": -144.18621531081263,
    "89": -151.24962347791836,
    "90": -161.280229735146,
    "91": -161.15908275850262,
    "92": -145.53780314955733,
    "93": -133.88356256393465,
    "94": -152.21279759629732,
    "95": -148.1444459794167,
    "96": -147.54810582646726,
    "97": -146.0414826141917,
    "98": -134.81294243193884,
    "99": -141.05090687425977,
    "100": -123.51851771251414,
    "101": -146.20163047693177,
    "102": -133.4749437584217,
    "103": -144.6258620726242,
    "104": -142.7564795713105,
    "105": -149.26988281174863,
    "106": -141.11827060678368,
    "107": -138.7802763321605,
    "108": -148.31834790507105,
    "109": -134.77198812710796,
    "110": -149.44095600937095,
    "111": -128.93170477629684,
    "112": -138.03582772756116,
    "113": -148.55917273715542,
    "114": -131.26451280470673,
    "115": -153.90457740625564,
    "116": -142.6054705499181,
    "117": -135.83297471225416,
    "118": -141.4414423106461,
    "119": -140.9270766213745,
    "120": -153.10831581377946,
    "121": -135.49696370490452,
    "122": -136.6707711362387,
    "123": -143.2742895117102,
    "124": -144.30285519497411,
    "125": -140.4223208568526,
    "126": -132.11283742233599,
    "127": -135.53788932772852,
    "128": -132.46055488985434,
    "129": -130.04480075521957,
    "130": -145.95317018934315,
    "131": -141.51271478613774,
    "132": -123.02684046928893,
    "133": -125.38162806627226,
    "134": -135.85333419111478,
    "135": -138.09671027553696,
    "136": -143.492583813535,
    "137": -128.04586781424263,
    "138": -145.33930257687393,
    "139": -122.11212336510606,
    "140": -144.17124864942326,
    "141": -121.43389033683052,
    "142": -136.21658385497537,
    "143": -141.89571047992484,
    "144": -149.9979097005268,
    "145": -134.18589059571303,
    "146": -128.57988864311616,
    "147": -140.8998053541575,
    "148": -142.10860560657687,
    "149": -147.8821832242309
}