{
    "0": -370.76365775617813,
    "1": -360.0942777209534,
    "2": -347.2807278062966,
    "3": -314.7935027908909,
    "4": -321.8148738795022,
    "5": -315.9088305735581,
    "6": -299.26513215535164,
    "7": -295.02580131344365,
    "8": -290.7205565109603,
    "9": -298.754766499929,
    "10": -304.5318151105281,
    "11": -277.9903474395162,
    "12": -252.82291677948749,
    "13": -287.5438834034805,
    "14": -251.6071847305157,
    "15": -254.821607786716,
    "16": -228.13363340747173,
    "17": -241.43008173136695,
    "18": -242.9966980358394,
    "19": -236.74087328087776,
    "20": -228.05804867436441,
    "21": -210.3260743668161,
    "22": -218.52664381084298,
    "23": -218.60634837932656,
    "24": -217.75465743781953,
    "25": -204.6606367807339,
    "26": -216.85689725308572,
    "27": -191.11290613708348,
    "28": -199.24156829327825,
    "29": -176.5621622764605,
    "30": -180.80264270231987,
    "31": -198.35136521511788,
    "32": -177.4540094429929,
    "33": -195.64848200954884,
    "34": -172.83800707208633,
    "35": -175.81892812137212,
    "36": -199.32763288300362,
    "37": -167.79696763735782,
    "38": -157.54686674521997,
    "39": -176.84765843267428,
    "40": -177.63056804751122,
    "41": -171.2081847494574,
    "42": -161.6612335184071,
    "43": -158.00853615395317,
    "44": -150.90192070243677,
    "45": -160.4212376079823,
    "46": -152.6736052895299,
    "47": -145.24585899217752,
    "48": -142.76954223232894,
    "49": -138.85386685884706,
    "50": -145.2313668866805,
    "51": -135.66726350443895,
    "52": -150.11257391842713,
    "53": -147.45677768564406,
    "54": -128.32118100797456,
    "55": -143.7375962780986,
    "56": -124.41970809211813,
    "57": -144.1159710248075,
    "58": -127.9876964783367,
    "59": -148.6053006141562,
    "60": -118.3324490354357,
    "61": -140.14523564025612,
    "62": -133.4043827763319,
    "63": -130.95766181329347,
    "64": -122.96964544583487,
    "65": -140.8188830669212,
    "66": -117.40246790845119,
    "67": -129.24284931868468,
    "68": -124.85230518285674,
    "69": -133.47331319947435,
    "70": -122.51252105131252,
    "71": -117.56339013300662,
    "72": -128.8910155896082,
    "73": -116.27187618727831,
    "74": -117.01996227712061,
    "75": -129.98169787471252,
    "76": -114.5104477445438,
    "77": -137.29082005328706,
    "78": -112.10196781729664,
    "79": -122.53144621535571,
    "80": -121.85157025178398,
    "81": -116.49901158751398,
    "82": -116.8555729275875,
    "83": -119.63493119196049,
    "84": -114.55621466389742,
    "85": -119.06606471270916,
    "86": -109.16752080562057,
    "87": -118.02422450822128,
    "88": -125.86659850363017,
    "89": -119.5581079915009,
    "90": -121.33296092784494,
    "91": -98.07561194623075,
    "92": -94.73408766405151,
    "93": -119.90789221554097,
    "94": -115.19345889783145,
    "95": -108.58274634354888,
    "96": -105.1706261021613,
    "97": -121.13461558939544,
    "98": -113.09119053839457,
    "99": -125.26777957992037,
    "100": -114.91046349474405,
    "101": -103.5964340103715,
    "102": -104.33254919927764,
    "103": -113.1130498273257,
    "104": -111.81841112664519,
    "105": -117.96197533761058,
    "106": -96.7582099638336,
    "107": -107.13112626111766,
    "108": -106.20582874389379,
    "109": -102.12488353237437,
    "110": -116.83392884273462,
    "111": -112.9248810569693,
    "112": -112.32883790348,
    "113": -98.66902941181603,
    "114": -102.46373535092587,
    "115": -117.18402933740938,
    "116": -103.95952661873939,
    "117": -107.39191667587181,
    "118": -112.87856960497662,
    "119": -118.28930400500906,
    "120": -104.46576443527333,
    "121": -106.0707461737286,
    "122": -114.35519981991449,
    "123": -111.33430430247387,
    "124": -109.9151846804881,
    "125": -95.00283986063069,
    "126": -115.41660592140664,
    "127": -104.29500599625052,
    "128": -113.31067590492071,
    "129": -104.58996433640196,
    "130": -107.45804801448989,
    "131": -100.73123405336857,
    "132": -107.48557232179968,
    "133": -110.46924277602496,
    "134": -102.66772401425372,
    "135": -115.54457508239551,
    "136": -117.58555039842766,
    "137": -95.32361876381916,
    "138": -112.26629767674383,
    "139": -101.55487832923356,
    "140": -92.97869758078872,
    "141": -97.46989259915374,
    "142": -90.66764065837606,
    "143": -104.92835139607854,
    "144": -99.53564022403333,
    "145": -116.45381224603366,
    "146": -101.44525531647552,
    "147": -94.90747419328532,
    "148": -96.96373847472374,
    "149": -113.11929498368931
}