{
    "0": -481.8267525574007,
    "1": -403.192802668319,
    "2": -427.33982310270125,
    "3": -372.92936722774897,
    "4": -379.66495677949973,
    "5": -390.86547507862474,
    "6": -366.73963469058845,
    "7": -350.06930579649224,
    "8": -317.68197337976915,
    "9": -325.02599953430763,
    "10": -337.7934627386382,
    "11": -339.90750278851885,
    "12": -309.3504289763537,
    "13": -314.8985885313913,
    "14": -308.33938868888487,
    "15": -278.69575450446547,
    "16": -279.0935550445671,
    "17": -265.6540396090502,
    "18": -252.2411043200356,
    "19": -253.73190276622515,
    "20": -272.35208965243095,
    "21": -286.7822706624705,
    "22": -249.58799888251207,
    "23": -241.4667689952697,
    "24": -226.66619226638437,
    "25": -225.9191070581236,
    "26": -244.83283728302447,
    "27": -238.24404396391844,
    "28": -227.9969881944797,
    "29": -217.16619836775533,
    "30": -228.2221263923898,
    "31": -189.56769366276444,
    "32": -210.23599193903112,
    "33": -207.08584520581405,
    "34": -222.91920983134628,
    "35": -208.29590717687336,
    "36": -220.89763161830632,
    "37": -198.38943409717808,
    "38": -197.96598200697449,
    "39": -187.88301654849366,
    "40": -200.47621759147506,
    "41": -197.8165197047054,
    "42": -189.7853321287783,
    "43": -179.41553324094377,
    "44": -176.1991243429261,
    "45": -167.9363099860729,
    "46": -191.3938884318306,
    "47": -167.42988509707897,
    "48": -173.53142520600636,
    "49": -191.4152637305819,
    "50": -167.76251798275038,
    "51": -147.81410398644647,
    "52": -156.21847290641793,
    "53": -166.9846462361584,
    "54": -181.47545787592176,
    "55": -167.8803918013613,
    "56": -185.81644300399722,
    "57": -166.84866491990545,
    "58": -174.1570441513078,
    "59": -158.30582843434644,
    "60": -148.69692728693326,
    "61": -160.43933180220026,
    "62": -158.06714980871035,
    "63": -159.8871305907331,
    "64": -158.65274049022202,
    "65": -154.81246171327797,
    "66": -150.07136661983716,
    "67": -168.593244367163,
    "68": -158.6908074303933,
    "69": -148.76552971364123,
    "70": -166.75961600066137,
    "71": -147.93749721216716,
    "72": -149.35662707662127,
    "73": -149.38550491321877,
    "74": -158.51260070041363,
    "75": -151.61705213151095,
    "76": -155.70498812364255,
    "77": -164.84261089727386,
    "78": -155.82240305247356,
    "79": -138.94714923212968,
    "80": -137.3071702035172,
    "81": -145.50458199787536,
    "82": -140.0865041270567,
    "83": -137.89678516611713,
    "84": -150.92763499784624,
    "85": -135.34294860079876,
    "86": -151.66864866428048,
    "87": -150.36498909426956,
    "88": -120.63861375240461,
    "89": -139.89814028024935,
    "90": -135.95545583262597,
    "91": -143.15145040917858,
    "92": -135.1656206396506,
    "93": -131.84014099083277,
    "94": -152.74548887093977,
    "95": -157.42085034930088,
    "96": -142.8136676814007,
    "97": -128.5790299279221,
    "98": -141.17056569317836,
    "99": -132.8233040896636,
    "100": -131.74553588715884,
    "101": -131.41368461688884,
    "102": -147.1912681419466,
    "103": -138.55302394080604,
    "104": -142.8176232832865,
    "105": -141.26637501518658,
    "106": -140.07834737579014,
    "107": -140.49145687775575,
    "108": -131.94619414203524,
    "109": -128.93225677699334,
    "110": -132.28784865361348,
    "111": -127.73958607180714,
    "112": -124.47496874617404,
    "113": -136.7247426234106,
    "114": -137.1516174487469,
    "115": -139.77727160100744,
    "116": -129.8727127585231,
    "117": -146.47871203594892,
    "118": -138.0338549842578,
    "119": -134.2832603407881,
    "120": -136.8806433699979,
    "121": -133.7244551790837,
    "122": -135.91278129143345,
    "123": -130.63707603417092,
    "124": -132.31479685037988,
    "125": -148.05646461864308,
    "126": -148.71359331576224,
    "127": -133.19270567088293,
    "128": -144.57528971535854,
    "129": -132.07774593774354,
    "130": -124.28342693143112,
    "131": -132.41569615264024,
    "132": -130.31269637130836,
    "133": -130.71575845749211,
    "134": -135.97653986406593,
    "135": -131.72601616782347,
    "136": -144.39888003363416,
    "137": -132.42279535976527,
    "138": -123.12357947229606,
    "139": -132.15401752734172,
    "140": -117.87363729620074,
    "141": -134.51319770733528,
    "142": -144.1907939431589,
    "143": -123.08095342363272,
    "144": -133.01342417247588,
    "145": -129.91638700509125,
    "146": -142.75924187818373,
    "147": -127.75714522375583,
    "148": -121.24337473395944,
    "149": -135.53465426573143
}