{
    "0": -404.5554987103739,
    "1": -449.55635040171035,
    "2": -386.8346052926232,
    "3": -370.30729107236647,
    "4": -396.29233850074684,
    "5": -365.67833111150696,
    "6": -382.05472961888336,
    "7": -368.88498875369123,
    "8": -354.3451735370429,
    "9": -328.86109658480086,
    "10": -307.26030370829494,
    "11": -296.4047386858378,
    "12": -296.94914755837715,
    "13": -316.9558216825059,
    "14": -294.5617279888902,
    "15": -290.10091173961047,
    "16": -283.63738321654944,
    "17": -273.8631280481492,
    "18": -282.8127149274705,
    "19": -261.9639714132301,
    "20": -262.1469079945541,
    "21": -246.70656306786603,
    "22": -256.7686882929262,
    "23": -240.9256538734307,
    "24": -245.38427233823325,
    "25": -233.4997711358319,
    "26": -248.3315202420583,
    "27": -214.49790657384142,
    "28": -242.92767408671995,
    "29": -239.04418505235822,
    "30": -225.9670071625557,
    "31": -199.7000414820116,
    "32": -214.37582730288673,
    "33": -199.5382043530837,
    "34": -191.08958033324606,
    "35": -188.53211417337556,
    "36": -189.80161336770178,
    "37": -202.27033163823037,
    "38": -164.5225945988381,
    "39": -187.45574645950882,
    "40": -189.4365745331502,
    "41": -190.79606728158947,
    "42": -203.80063789201168,
    "43": -184.7264008465375,
    "44": -180.3500699244165,
    "45": -182.32681508877056,
    "46": -188.63010998494045,
    "47": -173.78680688711404,
    "48": -166.04371027218116,
    "49": -181.0563466381033,
    "50": -166.63906302727062,
    "51": -174.98960796827208,
    "52": -176.81681149156813,
    "53": -167.26328321214203,
    "54": -153.05553411446863,
    "55": -150.30368009334452,
    "56": -162.8652595529027,
    "57": -146.98410914634033,
    "58": -163.91213231707502,
    "59": -158.14794128688376,
    "60": -156.05061379634148,
    "61": -154.3176807588729,
    "62": -166.055757506447,
    "63": -158.51516185897364,
    "64": -164.98038024914223,
    "65": -179.16438372615187,
    "66": -159.23977489005438,
    "67": -149.85536632447477,
    "68": -152.78703153297633,
    "69": -146.68248198455825,
    "70": -145.23173450075763,
    "71": -158.79573807540274,
    "72": -162.9313672394119,
    "73": -139.2447147219511,
    "74": -129.64162858555977,
    "75": -167.19120313983612,
    "76": -139.66718991199033,
    "77": -154.58664042892417,
    "78": -145.32582068795583,
    "79": -151.55824599733361,
    "80": -154.38796041938068,
    "81": -151.46498741982887,
    "82": -166.4110641623029,
    "83": -128.3062964607101,
    "84": -127.59482772998037,
    "85": -149.16818597415568,
    "86": -142.70718253408785,
    "87": -145.06164534843288,
    "88": -146.59383005770957,
    "89": -142.67919089493134,
    "90": -148.57928059211577,
    "91": -142.35546921322845,
    "92": -151.6725128217106,
    "93": -156.45287578886033,
    "94": -140.0676988787602,
    "95": -139.6589749908603,
    "96": -138.0072338164409,
    "97": -135.9946703052253,
    "98": -131.66611421152686,
    "99": -141.13769351156105,
    "100": -129.78113574130623,
    "101": -133.68756122791493,
    "102": -144.84567861075945,
    "103": -152.98461198145208,
    "104": -132.30907729491668,
    "105": -132.4437719958136,
    "106": -142.83241669594221,
    "107": -143.18874565673445,
    "108": -142.44931504114,
    "109": -121.2923913700505,
    "110": -130.51504904699598,
    "111": -130.53660372163714,
    "112": -149.16929986130495,
    "113": -121.32327848717239,
    "114": -142.20106801606954,
    "115": -140.255174049567,
    "116": -122.1010494773485,
    "117": -129.50383857378353,
    "118": -130.20553308785253,
    "119": -132.1540998764945,
    "120": -133.40498325881376,
    "121": -130.77881065698008,
    "122": -129.1810821449331,
    "123": -129.60308447978292,
    "124": -131.5896305294528,
    "125": -123.40378467506474,
    "126": -140.4999569158115,
    "127": -113.48556295013094,
    "128": -133.28394353512232,
    "129": -129.3613425837892,
    "130": -126.79842978875685,
    "131": -150.32590091684028,
    "132": -136.2651723649755,
    "133": -129.81460485426518,
    "134": -146.82682721853132,
    "135": -134.22608146062944,
    "136": -116.04058082025827,
    "137": -122.30016696029492,
    "138": -136.1213326909243,
    "139": -120.20542182851047,
    "140": -124.94262657039376,
    "141": -139.68798173818445,
    "142": -125.75724598981544,
    "143": -135.70253354524155,
    "144": -125.91212855004333,
    "145": -147.93527058685513,
    "146": -136.9539250955303,
    "147": -123.11705258948196,
    "148": -119.1376186506821,
    "149": -118.90591969764408
}