{
    "0": -416.3213135054005,
    "1": -430.5643367604458,
    "2": -377.5461420432698,
    "3": -385.3698242371803,
    "4": -370.60959418837916,
    "5": -364.996634327439,
    "6": -349.0842344936315,
    "7": -304.755172169087,
    "8": -317.9168682803542,
    "9": -327.6172985646815,
    "10": -314.88234603129666,
    "11": -308.1465757128892,
    "12": -291.50237207614157,
    "13": -282.6288022149684,
    "14": -274.5291883612166,
    "15": -290.4707608451726,
    "16": -265.54658156826054,
    "17": -253.49084548414655,
    "18": -252.01438899497683,
    "19": -268.8422686328357,
    "20": -263.7412363478297,
    "21": -229.74214678929607,
    "22": -225.26181871255,
    "23": -239.9103957756626,
    "24": -231.91458105126864,
    "25": -225.51060163346327,
    "26": -228.19306196181208,
    "27": -212.7165008371494,
    "28": -219.67551087523103,
    "29": -213.8658752110765,
    "30": -208.49605672893256,
    "31": -185.17858766027163,
    "32": -181.04763757482593,
    "33": -196.0613597768858,
    "34": -189.27464464444313,
    "35": -196.7496696866543,
    "36": -180.98292931296618,
    "37": -171.19358157915266,
    "38": -179.74924744968325,
    "39": -189.58998274094094,
    "40": -170.0473856520507,
    "41": -189.1194163195378,
    "42": -175.23605667214323,
    "43": -183.68640204190726,
    "44": -169.34797828299776,
    "45": -158.29644016715864,
    "46": -176.142895436609,
    "47": -171.10525601100358,
    "48": -159.76086772602167,
    "49": -161.3356246424596,
    "50": -153.65796515904404,
    "51": -165.48754986173864,
    "52": -170.22662886503676,
    "53": -182.75006311101117,
    "54": -151.6221927910871,
    "55": -150.50264400968007,
    "56": -149.72799719887644,
    "57": -145.4009898499456,
    "58": -154.13548413915143,
    "59": -142.70054005386893,
    "60": -150.79597574396246,
    "61": -138.28645111247076,
    "62": -157.73197100303977,
    "63": -135.40365226681638,
    "64": -143.53901228232834,
    "65": -150.22297246593774,
    "66": -135.16871029365944,
    "67": -128.64804883261618,
    "68": -129.75706502245416,
    "69": -136.08198553659994,
    "70": -136.99342272536273,
    "71": -133.68688909750276,
    "72": -140.3169659280361,
    "73": -125.7932384776913,
    "74": -143.7750847641227,
    "75": -135.93798771718178,
    "76": -139.8451220480545,
    "77": -124.52064562772328,
    "78": -134.10323687411324,
    "79": -133.84791905702323,
    "80": -134.99398772670935,
    "81": -153.57021151493046,
    "82": -123.31875676293194,
    "83": -128.84334660977675,
    "84": -123.16203004747365,
    "85": -139.4125593176931,
    "86": -127.10477239557564,
    "87": -143.2375479639729,
    "88": -124.8480689248325,
    "89": -130.57304262549707,
    "90": -131.8023294240033,
    "91": -130.18440895516974,
    "92": -122.80882424097977,
    "93": -123.04059102125434,
    "94": -133.55527657132922,
    "95": -120.37374692799706,
    "96": -130.71319230172682,
    "97": -125.4980695356714,
    "98": -116.73150913847489,
    "99": -129.12114035801477,
    "100": -120.79598868711234,
    "101": -125.73479167702591,
    "102": -121.03633640810375,
    "103": -124.06666757837156,
    "104": -132.72178007065668,
    "105": -124.48344189453417,
    "106": -140.51551950722103,
    "107": -119.82734304508254,
    "108": -104.8695494360537,
    "109": -107.57523492005797,
    "110": -131.74092192860437,
    "111": -126.5444976531963,
    "112": -135.46957958733265,
    "113": -124.83020830782445,
    "114": -132.0296812230693,
    "115": -124.48123765306606,
    "116": -118.88077052778891,
    "117": -118.78196591341226,
    "118": -126.67120963710963,
    "119": -113.52090354188722,
    "120": -115.96235655367775,
    "121": -127.7078473180573,
    "122": -124.24871724281702,
    "123": -119.1110483987594,
    "124": -106.44496463275311,
    "125": -107.49365768637308,
    "126": -130.78263415644452,
    "127": -123.58881851324153,
    "128": -141.28182839569104,
    "129": -120.98327383322464,
    "130": -117.23223953526728,
    "131": -134.04579226248393,
    "132": -103.90908567476036,
    "133": -115.40224737419737,
    "134": -122.27763762524025,
    "135": -118.89006796883217,
    "136": -99.57987198325809,
    "137": -124.3653054337006,
    "138": -120.80544384231261,
    "139": -108.4844652186104,
    "140": -134.7514154920139,
    "141": -117.55706357475802,
    "142": -114.29671608579612,
    "143": -122.06035397091074,
    "144": -115.65989125704793,
    "145": -122.43746879907322,
    "146": -111.06505818971353,
    "147": -116.99654867995112,
    "148": -112.6282456106748,
    "149": -113.4979305760812
}