{
    "0": -370.25567286006094,
    "1": -376.9165456596003,
    "2": -345.23946383470104,
    "3": -358.88798864126863,
    "4": -351.9463986997567,
    "5": -320.03357904747713,
    "6": -334.2035196650832,
    "7": -316.6846520510441,
    "8": -312.67983545476534,
    "9": -300.26006259719156,
    "10": -298.43264338597066,
    "11": -279.49434285829017,
    "12": -266.9216417697415,
    "13": -316.2890676522564,
    "14": -277.25754646953783,
    "15": -260.0884259915071,
    "16": -263.7167876581164,
    "17": -236.56673293767963,
    "18": -241.5058386912848,
    "19": -235.25430503014857,
    "20": -222.39040496367687,
    "21": -220.07142620153186,
    "22": -217.43670643066864,
    "23": -225.69916622978522,
    "24": -232.33688194724564,
    "25": -226.09416528898993,
    "26": -212.43337538945386,
    "27": -212.12676609891975,
    "28": -212.19376725935248,
    "29": -195.67935450511024,
    "30": -207.14954932079658,
    "31": -191.1527561024442,
    "32": -199.0600701392567,
    "33": -163.52534752310612,
    "34": -209.78561038823864,
    "35": -191.40247790798438,
    "36": -197.66042375933085,
    "37": -190.8328078013566,
    "38": -172.3963337079481,
    "39": -166.41057935196343,
    "40": -189.9578021432955,
    "41": -161.9670079166519,
    "42": -164.51281562336362,
    "43": -184.4123121513353,
    "44": -162.11890761789698,
    "45": -185.2106414744921,
    "46": -170.1568091392731,
    "47": -162.01534622947037,
    "48": -153.1280712275638,
    "49": -152.28883749501355,
    "50": -165.77094819782835,
    "51": -154.43595418096018,
    "52": -170.5252858726522,
    "53": -159.27034317604296,
    "54": -167.4962637473462,
    "55": -150.4820601360528,
    "56": -150.38216072363696,
    "57": -158.6638316293283,
    "58": -149.93436548675734,
    "59": -154.6217836238548,
    "60": -144.95309584318326,
    "61": -145.91728142952917,
    "62": -148.82132215570317,
    "63": -156.0098454258673,
    "64": -138.4192599889645,
    "65": -143.69453721373782,
    "66": -127.79334315623476,
    "67": -131.95238995671133,
    "68": -128.52250686745106,
    "69": -151.93567188534,
    "70": -157.56017801458955,
    "71": -155.37766357308448,
    "72": -139.95479710390657,
    "73": -136.82350208191275,
    "74": -139.11970090148498,
    "75": -140.89487079285337,
    "76": -137.20477780659513,
    "77": -139.12256854691944,
    "78": -139.2361558965684,
    "79": -132.83986069459567,
    "80": -148.44931245390376,
    "81": -131.12254275202642,
    "82": -127.5795392386066,
    "83": -136.34634826723112,
    "84": -149.92103170431085,
    "85": -114.50466136220061,
    "86": -138.5540230472025,
    "87": -133.67415857596563,
    "88": -131.68299387778256,
    "89": -125.91018106856997,
    "90": -133.05039974131745,
    "91": -148.65059418666897,
    "92": -121.29343296442359,
    "93": -137.41813775371205,
    "94": -139.0222889662312,
    "95": -120.20027437705338,
    "96": -130.0595055634924,
    "97": -134.9894245164312,
    "98": -130.54880609438794,
    "99": -138.4973790592726,
    "100": -134.16518180201817,
    "101": -134.56558368528175,
    "102": -134.74928638477158,
    "103": -130.49658216317528,
    "104": -113.06449898809755,
    "105": -113.28405633186715,
    "106": -133.14297788204289,
    "107": -127.53135732352735,
    "108": -115.15911846186782,
    "109": -125.62741875787798,
    "110": -113.79254202267707,
    "111": -125.76722934167177,
    "112": -142.93444195641123,
    "113": -122.95171153945337,
    "114": -130.27390184262399,
    "115": -133.23940826561886,
    "116": -108.49089293877526,
    "117": -121.87430681496775,
    "118": -114.452215366474,
    "119": -126.54614986250567,
    "120": -113.41246014783476,
    "121": -117.83403834296219,
    "122": -139.13378512766084,
    "123": -126.49144583301073,
    "124": -120.34764018306127,
    "125": -119.18831671695209,
    "126": -109.48771050361492,
    "127": -122.42563953543818,
    "128": -97.96955722890462,
    "129": -125.13069585141497,
    "130": -122.61164873566838,
    "131": -113.31632529044394,
    "132": -121.45171539853665,
    "133": -117.69515768835193,
    "134": -137.05975813622715,
    "135": -125.58286006537877,
    "136": -115.29818413848606,
    "137": -118.35178148813301,
    "138": -124.618859940581,
    "139": -121.20450929530895,
    "140": -109.72301537626458,
    "141": -119.04007306895058,
    "142": -120.23208318807535,
    "143": -115.53994818648908,
    "144": -107.51669856449494,
    "145": -116.26450045194028,
    "146": -120.64380601737983,
    "147": -109.55544598422982,
    "148": -107.61282072345452,
    "149": -105.2495635351375
}